Street_Cumulative_Share_Units,Street_Cumulative_Share_Mismatch,Station_Cumulative_Share_Units,Station_Cumulative_Share_Mismatch
0.0,0.0,0.0,0.0
0.004784688995215311,0.0,0.000449842555105713,0.0
0.009569377990430622,0.0,0.000899685110211426,0.0
0.014354066985645933,0.0,0.001349527665317139,0.0
0.019138755980861243,0.0,0.001799370220422852,0.0
0.023923444976076555,0.0,0.002249212775528565,0.0
0.028708133971291867,0.0,0.002699055330634278,0.0
0.03349282296650718,0.0,0.003148897885739991,0.0
0.03827751196172249,0.0,0.003598740440845704,0.0
0.0430622009569378,0.0,0.004048582995951417,0.0
0.04784688995215311,0.00013937437998864021,0.00449842555105713,0.0
0.05263157894736842,0.0003948911561320617,0.004948268106162843,0.0
0.05741626794258373,0.0007985373116556085,0.005398110661268556,0.0
0.06220095693779904,0.0012611186666773306,0.005847953216374269,0.0
0.06698564593301436,0.0017421496791297328,0.006297795771479982,0.0
0.07177033492822966,0.0022646041527978836,0.006747638326585695,0.0
0.07655502392344497,0.0028513678914045566,0.007197480881691408,0.0
0.08133971291866028,0.003477045422863159,0.007647323436797121,0.0
0.0861244019138756,0.004160964119290171,0.008097165991902834,0.0
0.09090909090909091,0.004846600801941687,0.008547008547008548,0.0
0.09569377990430622,0.005548182523724634,0.00899685110211426,0.0
0.10047846889952153,0.006361610606951237,0.009446693657219974,0.0
0.10526315789473684,0.007182311150480753,0.009896536212325686,0.0
0.11004784688995216,0.00802796769012984,0.0103463787674314,0.0
0.11483253588516747,0.008892931456711554,0.010796221322537112,0.0
0.11961722488038277,0.009758215580243854,0.011246063877642825,0.0
0.12440191387559808,0.010656900087725723,0.011695906432748537,0.0
0.1291866028708134,0.011572006681355652,0.012145748987854251,0.0
0.1339712918660287,0.01248746165476806,0.012595591542959963,0.0
0.13875598086124402,0.01341827949452649,0.013045434098065677,0.0
0.14354066985645933,0.014397767358787951,0.01349527665317139,0.0
0.14832535885167464,0.015406891753133284,0.013945119208277103,0.0
0.15311004784688995,0.01644627208170061,0.014394961763382817,0.0
0.15789473684210525,0.017530257153630994,0.014844804318488529,0.0
0.16267942583732056,0.018738536785590513,0.015294646873594242,0.0
0.1674641148325359,0.019956717267142897,0.015744489428699954,0.0
0.1722488038277512,0.0212338876246428,0.016194331983805668,0.0
0.17703349282296652,0.022559986132966208,0.016644174538911382,0.0
0.18181818181818182,0.02394488993494611,0.017094017094017096,0.0
0.18660287081339713,0.025382128328374196,0.017543859649122806,0.0
0.19138755980861244,0.026976632241517255,0.01799370220422852,0.0
0.19617224880382775,0.028606112369529257,0.018443544759334234,0.0
0.20095693779904306,0.03028990850180833,0.018893387314439947,0.0
0.20574162679425836,0.0319737046340874,0.019343229869545658,0.0
0.21052631578947367,0.03385695685201438,0.01979307242465137,0.0
0.215311004784689,0.03574364283356581,0.020242914979757085,0.0
0.22009569377990432,0.03770807165455806,0.0206927575348628,0.0
0.22488038277511962,0.039696844977918186,0.02114260008996851,0.0
0.22966507177033493,0.04180642000213703,0.021592442645074223,0.0
0.23444976076555024,0.044036272877242634,0.022042285200179937,0.0
0.23923444976076555,0.046279991250046976,0.02249212775528565,0.0
0.24401913875598086,0.04855317876320391,0.022941970310391364,0.0
0.24880382775119617,0.05084735099343414,0.023391812865497075,0.0
0.2535885167464115,0.053227663374752876,0.02384165542060279,0.0
0.2583732057416268,0.05562415539470453,0.024291497975708502,0.0
0.2631578947368421,0.05802554249610924,0.024741340530814216,0.0
0.2679425837320574,0.06048854215768767,0.025191183085919926,0.0
0.2727272727272727,0.06298737487386209,0.02564102564102564,0.0
0.27751196172248804,0.06555134904332026,0.026090868196131354,0.0
0.2822966507177033,0.06827402137261512,0.026540710751237068,0.0
0.28708133971291866,0.07112687224660255,0.02699055330634278,0.0
0.291866028708134,0.07398265092988521,0.027440395861448492,0.0
0.2966507177033493,0.07710849630061378,0.027890238416554206,0.0
0.3014354066985646,0.08026536423054709,0.02834008097165992,0.0
0.3062200956937799,0.08353829030922096,0.028789923526765633,0.0
0.31100478468899523,0.08685421147374811,0.029239766081871343,0.0
0.3157894736842105,0.09019959863262655,0.029689608636977057,0.0
0.32057416267942584,0.09354575708496764,0.03013945119208277,0.0
0.3253588516746411,0.09689825202133551,0.030589293747188485,0.0
0.33014354066985646,0.10028393384945182,0.0310391363022942,0.0
0.3349282296650718,0.10371019771546244,0.03148897885739991,0.0
0.3397129186602871,0.1071693660742145,0.031938821412505626,0.0
0.3444976076555024,0.11069363492537836,0.032388663967611336,0.0
0.3492822966507177,0.11439114458560923,0.03283850652271705,0.0
0.35406698564593303,0.11819929531024348,0.033288349077822764,0.0
0.3588516746411483,0.12205510003176025,0.033738191632928474,0.0
0.36363636363636365,0.1259260120987076,0.03418803418803419,0.0
0.3684210526315789,0.12985322779966985,0.0346378767431399,0.0
0.37320574162679426,0.13382173119759894,0.03508771929824561,0.0
0.37799043062200954,0.13789811085107026,0.03553756185335133,0.0
0.3827751196172249,0.1419906708948041,0.03598740440845704,0.0
0.3875598086124402,0.14608323093853795,0.03643724696356275,0.0
0.3923444976076555,0.15021696522495026,0.03688708951866847,0.0
0.39712918660287083,0.15437064385315016,0.03733693207377418,0.0
0.4019138755980861,0.15857175986621383,0.037786774628879895,0.0
0.40669856459330145,0.16278943492960862,0.038236617183985605,0.0
0.41148325358851673,0.16702511534531947,0.038686459739091315,0.0
0.41626794258373206,0.17127302901574967,0.03913630229419703,0.0
0.42105263157894735,0.17555052981947733,0.03958614484930274,0.0
0.4258373205741627,0.1798556903849636,0.04003598740440846,0.0
0.430622009569378,0.18422318664269102,0.04048582995951417,0.0
0.4354066985645933,0.18859785122490405,0.04093567251461988,0.0
0.44019138755980863,0.1930647185551666,0.0413855150697256,0.0
0.4449760765550239,0.19765998674490956,0.04183535762483131,0.0
0.44976076555023925,0.20226652607200088,0.04228520017993702,0.0
0.45454545454545453,0.2068757548255749,0.042735042735042736,0.0
0.45933014354066987,0.21151717670872783,0.043184885290148446,0.0
0.46411483253588515,0.216161051419077,0.04363472784525416,0.0
0.4688995215311005,0.22088072205582035,0.044084570400359874,0.0
0.47368421052631576,0.22566741220836545,0.044534412955465584,0.0
0.4784688995215311,0.23046899016657735,0.0449842555105713,0.0
0.48325358851674644,0.23529223655268944,0.04543409806567701,0.0
0.4880382775119617,0.24012592826820872,0.04588394062078273,0.0
0.49282296650717705,0.2449885450855267,0.04633378317588844,0.0
0.49760765550239233,0.24989479527050365,0.04678362573099415,0.0
0.5023923444976076,0.2548349964427524,0.04723346828609987,0.0
0.507177033492823,0.25983262727908935,0.04768331084120558,0.0
0.5119617224880383,0.2648387051897281,0.048133153396311294,0.0
0.5167464114832536,0.2699021185157763,0.048582995951417005,0.0
0.5215311004784688,0.27499748537286534,0.049032838506522715,0.0
0.5263157894736842,0.2800949150701945,0.04948268106162843,0.0
0.5311004784688995,0.28522103322558817,0.04993252361673414,0.0
0.5358851674641149,0.29035108942128846,0.05038236617183985,0.0
0.5406698564593302,0.2955168958587977,0.05083220872694557,0.0
0.5454545454545454,0.3007230246208252,0.05128205128205128,0.0
0.5502392344497608,0.3059848875341972,0.051731893837157,0.0
0.5550239234449761,0.31132168301753915,0.05218173639226271,0.0
0.5598086124401914,0.3166650817467206,0.05263157894736842,0.0
0.5645933014354066,0.3220556046310153,0.053081421502474135,0.0
0.569377990430622,0.3274657224826945,0.053531264057579846,0.0
0.5741626794258373,0.3329313781819178,0.05398110661268556,0.0
0.5789473684210527,0.3384902817436255,0.05443094916779127,0.0
0.583732057416268,0.34407370294614814,0.054880791722896984,0.0
0.5885167464114832,0.34967473450078623,0.0553306342780027,0.0
0.5933014354066986,0.3552761930546561,0.05578047683310841,0.0
0.5980861244019139,0.36089099695547966,0.05623031938821413,0.0
0.6028708133971292,0.3665945062557558,0.05668016194331984,0.0
0.6076555023923444,0.37232409031698316,0.05713000449842555,0.0
0.6124401913875598,0.37805514448820143,0.057579847053531266,0.0
0.6172248803827751,0.38379535857551644,0.058029689608636977,0.0
0.6220095693779905,0.38956002172283294,0.05847953216374269,0.0
0.6267942583732058,0.3953376211080842,0.058929374718848404,0.0
0.631578947368421,0.401131634063262,0.059379217273954114,0.0
0.6363636363636364,0.40693754691946066,0.05982905982905983,0.0
0.6411483253588517,0.41275809343046216,0.06027890238416554,0.0
0.645933014354067,0.4185955999429005,0.06072874493927125,0.0
0.6507177033492823,0.4244593185224836,0.06117858749437697,0.0
0.6555023923444976,0.43034211524565574,0.06162843004948268,0.0
0.6602870813397129,0.4362343247683496,0.0620782726045884,0.0
0.6650717703349283,0.4421450040182948,0.0625281151596941,0.0
0.6698564593301436,0.4480645997958384,0.06297795771479982,0.0
0.6746411483253588,0.4539916792595736,0.06342780026990553,0.0
0.6794258373205742,0.4599307040548919,0.06387764282501125,0.0
0.6842105263157895,0.4659427627774486,0.06432748538011696,0.0
0.6889952153110048,0.471956320392731,0.06477732793522267,0.0
0.69377990430622,0.47809161693961255,0.06522717049032839,0.0
0.6985645933014354,0.48425184669185306,0.0656770130454341,0.0
0.7033492822966507,0.4906168073344525,0.06612685560053981,0.0
0.7081339712918661,0.4970625894033333,0.06657669815564553,0.0
0.7129186602870813,0.5035144875067273,0.06702654071075123,0.0
0.7177033492822966,0.510051789145621,0.06747638326585695,0.0
0.722488038277512,0.516626255430041,0.06792622582096267,0.0
0.7272727272727273,0.5232039404943762,0.06837606837606838,0.0
0.7320574162679426,0.52979230756824,0.06882591093117409,0.0
0.7368421052631579,0.5363844258292635,0.0692757534862798,0.0
0.7416267942583732,0.5429790178007469,0.06972559604138552,0.0
0.7464114832535885,0.5496888633793938,0.07017543859649122,0.0
0.7511961722488039,0.5564114554160678,0.07062528115159694,0.0
0.7559808612440191,0.5631643491163045,0.07107512370670266,0.0
0.7607655502392344,0.5699288021834155,0.07152496626180836,0.0
0.7655502392344498,0.5767766951757471,0.07197480881691408,0.0
0.7703349282296651,0.5836454200413348,0.0724246513720198,0.0
0.7751196172248804,0.5906422755910079,0.0728744939271255,0.0
0.7799043062200957,0.5976396838059626,0.07332433648223122,0.0
0.784688995215311,0.6047058530165431,0.07377417903733693,0.0
0.7894736842105263,0.6117741945812393,0.07422402159244265,0.0
0.7942583732057417,0.6188777772552849,0.07467386414754835,0.0
0.7990430622009569,0.6261486655364846,0.07512370670265407,0.0
0.8038277511961722,0.6334957542509271,0.07557354925775979,0.0
0.8086124401913876,0.6409003930540489,0.07602339181286549,0.0
0.8133971291866029,0.6483758347092653,0.07647323436797121,0.0
0.8181818181818182,0.6558553998574237,0.07692307692307693,0.0
0.8229665071770335,0.6634218524265919,0.07737291947818263,0.0
0.8277511961722488,0.6710065673285001,0.07782276203328835,0.0
0.8325358851674641,0.6786533525233875,0.07827260458839407,0.0
0.8373205741626795,0.6864572578013576,0.07872244714349977,0.0
0.8421052631578947,0.6943178736107519,0.07917228969860549,0.0
0.84688995215311,0.7021925236259364,0.0796221322537112,0.0
0.8516746411483254,0.7100853179959946,0.08007197480881692,0.0
0.8564593301435407,0.7182076567213341,0.08052181736392262,0.0
0.861244019138756,0.7264407916609368,0.08097165991902834,0.0
0.8660287081339713,0.7349019727266498,0.08142150247413406,0.0
0.8708133971291866,0.7434856327889561,0.08187134502923976,0.0
0.8755980861244019,0.7522244157192913,0.08232118758434548,0.0
0.8803827751196173,0.7609848347370836,0.0827710301394512,0.0
0.8851674641148325,0.7698297022501185,0.0832208726945569,0.0
0.8899521531100478,0.7787090959164339,0.08367071524966262,0.0
0.8947368421052632,0.7876570766996013,0.08412055780476833,0.0
0.8995215311004785,0.7966468946547499,0.08457040035987404,0.0
0.9043062200956937,0.8056546658761667,0.08502024291497975,0.0
0.9090909090909091,0.8146767559168913,0.08547008547008547,0.0
0.9138755980861244,0.8238351622804122,0.08591992802519119,0.0
0.9186602870813397,0.832993647999903,0.08636977058029689,0.0
0.9234449760765551,0.8422382500644956,0.08681961313540261,0.0
0.9282296650717703,0.8515819700205064,0.08726945569050833,0.0
0.9330143540669856,0.8609456000868221,0.08771929824561403,0.0
0.937799043062201,0.8703178749961362,0.08816914080071975,0.0
0.9425837320574163,0.8797987291067803,0.08861898335582546,0.0
0.9473684210526315,0.8892850000034395,0.08906882591093117,0.0
0.9521531100478469,0.8987748054090623,0.08951866846603689,0.0
0.9569377990430622,0.9084011592660841,0.0899685110211426,0.0
0.9617224880382775,0.9181863780172673,0.09041835357624832,0.0
0.9665071770334929,0.928024919691686,0.09086819613135402,0.0
0.9712918660287081,0.9379139910003699,0.09131803868645974,0.0
0.9760765550239234,0.9478476013601939,0.09176788124156546,0.0
0.9808612440191388,0.9579050861692975,0.09221772379667116,0.0
0.9856459330143541,0.9684288119960416,0.09266756635177688,0.0
0.9904306220095693,0.9789525378227858,0.0931174089068826,0.0
0.9952153110047847,0.98947626364953,0.0935672514619883,0.0
1.0,0.9999999894762742,0.09401709401709402,0.0
,,0.09446693657219973,0.0
,,0.09491677912730544,0.0
,,0.09536662168241115,0.0
,,0.09581646423751687,0.0
,,0.09626630679262259,0.0
,,0.09671614934772829,0.0
,,0.09716599190283401,0.0
,,0.09761583445793973,0.0
,,0.09806567701304543,0.0
,,0.09851551956815115,0.0
,,0.09896536212325686,0.0
,,0.09941520467836257,0.0
,,0.09986504723346828,0.0
,,0.100314889788574,0.0
,,0.1007647323436797,0.0
,,0.10121457489878542,0.0
,,0.10166441745389114,0.0
,,0.10211426000899686,0.0
,,0.10256410256410256,0.0
,,0.10301394511920828,0.0
,,0.103463787674314,0.0
,,0.1039136302294197,0.0
,,0.10436347278452542,0.0
,,0.10481331533963113,0.0
,,0.10526315789473684,0.0
,,0.10571300044984255,0.0
,,0.10616284300494827,0.0
,,0.10661268556005399,0.0
,,0.10706252811515969,0.0
,,0.10751237067026541,0.0
,,0.10796221322537113,0.0
,,0.10841205578047683,0.0
,,0.10886189833558255,0.0
,,0.10931174089068826,0.0
,,0.10976158344579397,0.0
,,0.11021142600089968,0.0
,,0.1106612685560054,0.0
,,0.1111111111111111,0.0
,,0.11156095366621682,0.0
,,0.11201079622132254,0.0
,,0.11246063877642826,0.0
,,0.11291048133153396,0.0
,,0.11336032388663968,0.0
,,0.1138101664417454,0.0
,,0.1142600089968511,0.0
,,0.11470985155195682,0.0
,,0.11515969410706253,0.0
,,0.11560953666216824,0.0
,,0.11605937921727395,0.0
,,0.11650922177237967,0.0
,,0.11695906432748537,0.0
,,0.11740890688259109,0.0
,,0.11785874943769681,0.0
,,0.11830859199280253,0.0
,,0.11875843454790823,0.0
,,0.11920827710301395,0.0
,,0.11965811965811966,0.0
,,0.12010796221322537,0.0
,,0.12055780476833108,0.0
,,0.1210076473234368,0.0
,,0.1214574898785425,0.0
,,0.12190733243364822,0.0
,,0.12235717498875394,0.0
,,0.12280701754385964,0.0
,,0.12325686009896536,0.0
,,0.12370670265407108,0.0
,,0.1241565452091768,0.0
,,0.1246063877642825,0.0
,,0.1250562303193882,0.0
,,0.12550607287449392,0.0
,,0.12595591542959964,0.0
,,0.12640575798470535,0.0
,,0.12685560053981107,0.0
,,0.1273054430949168,0.0
,,0.1277552856500225,0.0
,,0.1282051282051282,0.0
,,0.1286549707602339,0.0
,,0.12910481331533963,0.0
,,0.12955465587044535,0.0
,,0.13000449842555106,0.0
,,0.13045434098065678,0.0
,,0.13090418353576247,0.0
,,0.1313540260908682,0.0
,,0.1318038686459739,0.0
,,0.13225371120107962,0.0
,,0.13270355375618534,0.0
,,0.13315339631129106,0.0
,,0.13360323886639677,0.0
,,0.13405308142150246,0.0
,,0.13450292397660818,0.0
,,0.1349527665317139,0.0
,,0.13540260908681961,0.0
,,0.13585245164192533,0.0
,,0.13630229419703105,0.0
,,0.13675213675213677,0.0
,,0.13720197930724246,0.0
,,0.13765182186234817,0.0
,,0.1381016644174539,0.0
,,0.1385515069725596,0.0
,,0.13900134952766532,0.0
,,0.13945119208277104,0.0
,,0.13990103463787673,0.0
,,0.14035087719298245,0.0
,,0.14080071974808817,0.0
,,0.14125056230319388,0.0
,,0.1417004048582996,0.0
,,0.14215024741340532,0.0
,,0.14260008996851103,0.0
,,0.14304993252361672,0.0
,,0.14349977507872244,0.0
,,0.14394961763382816,0.0
,,0.14439946018893388,0.0
,,0.1448493027440396,0.0
,,0.1452991452991453,0.0
,,0.145748987854251,0.0
,,0.14619883040935672,0.0
,,0.14664867296446243,0.0
,,0.14709851551956815,0.0
,,0.14754835807467387,0.0
,,0.14799820062977959,0.0
,,0.1484480431848853,0.0
,,0.148897885739991,0.0
,,0.1493477282950967,0.0
,,0.14979757085020243,0.0
,,0.15024741340530814,0.0
,,0.15069725596041386,0.0
,,0.15114709851551958,0.0
,,0.15159694107062527,0.0
,,0.15204678362573099,0.0
,,0.1524966261808367,0.0
,,0.15294646873594242,0.0
,,0.15339631129104814,0.0
,,0.15384615384615385,0.0
,,0.15429599640125957,0.0
,,0.15474583895636526,0.0
,,0.15519568151147098,0.0
,,0.1556455240665767,0.0
,,0.1560953666216824,0.0
,,0.15654520917678813,0.0
,,0.15699505173189385,0.0
,,0.15744489428699954,0.0
,,0.15789473684210525,0.0
,,0.15834457939721097,0.0
,,0.1587944219523167,0.0
,,0.1592442645074224,0.0
,,0.15969410706252812,0.0
,,0.16014394961763384,0.0
,,0.16059379217273953,0.0
,,0.16104363472784525,0.0
,,0.16149347728295096,0.0
,,0.16194331983805668,0.0
,,0.1623931623931624,0.0
,,0.16284300494826812,0.0
,,0.1632928475033738,0.0
,,0.16374269005847952,0.0
,,0.16419253261358524,0.0
,,0.16464237516869096,0.0
,,0.16509221772379667,0.0
,,0.1655420602789024,0.0
,,0.1659919028340081,0.0
,,0.1664417453891138,0.0
,,0.16689158794421952,0.0
,,0.16734143049932523,0.0
,,0.16779127305443095,0.0
,,0.16824111560953667,0.0
,,0.16869095816464239,0.0
,,0.16914080071974807,0.0
,,0.1695906432748538,0.0
,,0.1700404858299595,0.0
,,0.17049032838506523,0.0
,,0.17094017094017094,0.0
,,0.17139001349527666,0.0
,,0.17183985605038238,0.0
,,0.17228969860548807,0.0
,,0.17273954116059378,0.0
,,0.1731893837156995,0.0
,,0.17363922627080522,0.0
,,0.17408906882591094,0.0
,,0.17453891138101665,0.0
,,0.17498875393612237,0.0
,,0.17543859649122806,0.0
,,0.17588843904633378,0.0
,,0.1763382816014395,0.0
,,0.1767881241565452,0.0
,,0.17723796671165093,0.0
,,0.17768780926675665,0.0
,,0.17813765182186234,0.0
,,0.17858749437696805,0.0
,,0.17903733693207377,0.0
,,0.1794871794871795,0.0
,,0.1799370220422852,0.0
,,0.18038686459739092,0.0
,,0.18083670715249664,0.0
,,0.18128654970760233,0.0
,,0.18173639226270805,0.0
,,0.18218623481781376,0.0
,,0.18263607737291948,0.0
,,0.1830859199280252,0.0
,,0.18353576248313092,0.0
,,0.1839856050382366,0.0
,,0.18443544759334232,0.0
,,0.18488529014844804,0.0
,,0.18533513270355376,0.0
,,0.18578497525865947,0.0
,,0.1862348178137652,0.0
,,0.1866846603688709,0.0
,,0.1871345029239766,0.0
,,0.18758434547908232,0.0
,,0.18803418803418803,0.0
,,0.18848403058929375,0.0
,,0.18893387314439947,0.0
,,0.18938371569950518,0.0
,,0.18983355825461087,0.0
,,0.1902834008097166,0.0
,,0.1907332433648223,0.0
,,0.19118308591992803,0.0
,,0.19163292847503374,0.0
,,0.19208277103013946,0.0
,,0.19253261358524518,0.0
,,0.19298245614035087,0.0
,,0.19343229869545658,0.0
,,0.1938821412505623,0.0
,,0.19433198380566802,0.0
,,0.19478182636077374,0.0
,,0.19523166891587945,0.0
,,0.19568151147098514,0.0
,,0.19613135402609086,0.0
,,0.19658119658119658,0.0
,,0.1970310391363023,0.0
,,0.197480881691408,0.0
,,0.19793072424651373,0.0
,,0.19838056680161945,0.0
,,0.19883040935672514,0.0
,,0.19928025191183085,0.0
,,0.19973009446693657,0.0
,,0.2001799370220423,0.0
,,0.200629779577148,0.0
,,0.20107962213225372,0.0
,,0.2015294646873594,0.0
,,0.20197930724246513,0.0
,,0.20242914979757085,0.0
,,0.20287899235267656,0.0
,,0.20332883490778228,0.0
,,0.203778677462888,0.0
,,0.20422852001799371,0.0
,,0.2046783625730994,0.0
,,0.20512820512820512,0.0
,,0.20557804768331084,0.0
,,0.20602789023841656,0.0
,,0.20647773279352227,0.0
,,0.206927575348628,0.0
,,0.20737741790373368,0.0
,,0.2078272604588394,0.0
,,0.20827710301394511,0.0
,,0.20872694556905083,0.0
,,0.20917678812415655,0.0
,,0.20962663067926227,0.0
,,0.21007647323436798,0.0
,,0.21052631578947367,0.0
,,0.2109761583445794,0.0
,,0.2114260008996851,0.0
,,0.21187584345479082,0.0
,,0.21232568600989654,0.0
,,0.21277552856500226,0.0
,,0.21322537112010798,0.0
,,0.21367521367521367,0.0
,,0.21412505623031938,0.0
,,0.2145748987854251,0.0
,,0.21502474134053082,0.0
,,0.21547458389563653,0.0
,,0.21592442645074225,0.0
,,0.21637426900584794,0.0
,,0.21682411156095366,0.0
,,0.21727395411605938,0.0
,,0.2177237966711651,0.0
,,0.2181736392262708,0.0
,,0.21862348178137653,0.0
,,0.21907332433648224,0.0
,,0.21952316689158793,0.0
,,0.21997300944669365,0.0
,,0.22042285200179937,0.0
,,0.22087269455690509,0.0
,,0.2213225371120108,0.0
,,0.22177237966711652,0.0
,,0.2222222222222222,0.0
,,0.22267206477732793,0.0
,,0.22312190733243364,0.0
,,0.22357174988753936,0.0
,,0.22402159244264508,0.0
,,0.2244714349977508,0.0
,,0.2249212775528565,0.0
,,0.2253711201079622,0.0
,,0.22582096266306792,0.0
,,0.22627080521817364,0.0
,,0.22672064777327935,0.0
,,0.22717049032838507,0.0
,,0.2276203328834908,0.0
,,0.22807017543859648,0.0
,,0.2285200179937022,0.0
,,0.2289698605488079,0.0
,,0.22941970310391363,0.0
,,0.22986954565901935,0.0
,,0.23031938821412506,0.0
,,0.23076923076923078,0.0
,,0.23121907332433647,0.0
,,0.2316689158794422,0.0
,,0.2321187584345479,0.0
,,0.23256860098965362,0.0
,,0.23301844354475934,0.0
,,0.23346828609986506,0.0
,,0.23391812865497075,0.0
,,0.23436797121007646,0.0
,,0.23481781376518218,0.0
,,0.2352676563202879,0.0
,,0.23571749887539362,0.0
,,0.23616734143049933,0.0
,,0.23661718398560505,0.0
,,0.23706702654071074,0.0
,,0.23751686909581646,0.0
,,0.23796671165092217,0.0
,,0.2384165542060279,0.0
,,0.2388663967611336,0.0
,,0.23931623931623933,0.0
,,0.23976608187134502,0.0
,,0.24021592442645073,0.0
,,0.24066576698155645,0.0
,,0.24111560953666217,0.0
,,0.24156545209176788,0.0
,,0.2420152946468736,0.0
,,0.24246513720197932,0.0
,,0.242914979757085,0.0
,,0.24336482231219073,0.0
,,0.24381466486729644,0.0
,,0.24426450742240216,0.0
,,0.24471434997750788,0.0
,,0.2451641925326136,0.0
,,0.24561403508771928,0.0
,,0.246063877642825,0.0
,,0.24651372019793072,0.0
,,0.24696356275303644,0.0
,,0.24741340530814215,0.0
,,0.24786324786324787,0.0
,,0.2483130904183536,0.0
,,0.24876293297345928,0.0
,,0.249212775528565,0.0
,,0.2496626180836707,0.0
,,0.2501124606387764,0.0
,,0.2505623031938821,0.0
,,0.25101214574898784,0.0
,,0.25146198830409355,0.0
,,0.25191183085919927,0.0
,,0.252361673414305,0.0
,,0.2528115159694107,0.0
,,0.2532613585245164,0.0
,,0.25371120107962214,0.0
,,0.25416104363472786,0.0
,,0.2546108861898336,0.0
,,0.2550607287449393,0.0
,,0.255510571300045,0.0
,,0.25596041385515067,0.0
,,0.2564102564102564,0.0
,,0.2568600989653621,0.0
,,0.2573099415204678,0.0
,,0.25775978407557354,0.0
,,0.25820962663067926,0.0
,,0.258659469185785,0.0
,,0.2591093117408907,0.0
,,0.2595591542959964,0.0
,,0.2600089968511021,0.0
,,0.26045883940620784,0.0
,,0.26090868196131356,0.0
,,0.2613585245164193,0.0
,,0.26180836707152494,0.0
,,0.26225820962663066,0.0
,,0.2627080521817364,0.0
,,0.2631578947368421,0.0
,,0.2636077372919478,0.0
,,0.2640575798470535,0.0
,,0.26450742240215924,0.0
,,0.26495726495726496,0.0
,,0.2654071075123707,0.0
,,0.2658569500674764,0.0
,,0.2663067926225821,0.0
,,0.26675663517768783,0.0
,,0.26720647773279355,0.0
,,0.2676563202878992,0.0
,,0.2681061628430049,0.0
,,0.26855600539811064,0.0
,,0.26900584795321636,0.0
,,0.2694556905083221,0.0
,,0.2699055330634278,0.0
,,0.2703553756185335,0.0
,,0.27080521817363923,0.0
,,0.27125506072874495,0.0
,,0.27170490328385066,0.0
,,0.2721547458389564,0.0
,,0.2726045883940621,0.0
,,0.2730544309491678,0.0
,,0.27350427350427353,0.0
,,0.2739541160593792,0.0
,,0.2744039586144849,0.0
,,0.27485380116959063,0.0
,,0.27530364372469635,0.0
,,0.27575348627980206,0.0
,,0.2762033288349078,0.0
,,0.2766531713900135,0.0
,,0.2771030139451192,0.0
,,0.27755285650022493,0.0
,,0.27800269905533065,0.0
,,0.27845254161043637,0.0
,,0.2789023841655421,0.0
,,0.2793522267206478,0.0
,,0.27980206927575346,0.0
,,0.2802519118308592,0.0
,,0.2807017543859649,0.0
,,0.2811515969410706,0.0
,,0.28160143949617633,0.0
,,0.28205128205128205,0.0
,,0.28250112460638777,4.241631801731142e-06
,,0.2829509671614935,1.2328937449277401e-05
,,0.2834008097165992,2.326518031357294e-05
,,0.2838506522717049,3.486023298897067e-05
,,0.28430049482681063,4.822675204533185e-05
,,0.28475033738191635,6.28084091977259e-05
,,0.28520017993702207,7.739006635011997e-05
,,0.28565002249212773,9.224555743964817e-05
,,0.28609986504723345,0.00010728289137805455
,,0.28654970760233917,0.00012416691544924767
,,0.2869995501574449,0.0001418732134200119
,,0.2874493927125506,0.0001596952388284935
,,0.2878992352676563,0.00017907220605113794
,,0.28834907782276203,0.00019891528588738557
,,0.28879892037786775,0.00021896506447192745
,,0.28924876293297347,0.00023901484305646932
,,0.2896986054880792,0.0002613959912438649
,,0.2901484480431849,0.00028412959845783357
,,0.2905982905982906,0.00030704363112588144
,,0.29104813315339634,0.00033023373647667677
,,0.291497975708502,0.0003535173503167898
,,0.2919478182636077,0.0003769902618303998
,,0.29239766081871343,0.0004006555742580558
,,0.29284750337381915,0.0004270224063692341
,,0.29329734592892487,0.0004537554444819566
,,0.2937471884840306,0.00048206101424836864
,,0.2941970310391363,0.0005109583006005475
,,0.294646873594242,0.0005401216149053357
,,0.29509671614934774,0.0005692849292101238
,,0.29554655870445345,0.0005984482435149119
,,0.29599640125955917,0.0006280602241936198
,,0.2964462438146649,0.0006576722048723277
,,0.2968960863697706,0.0006874368246266992
,,0.29734592892487627,0.0007175114925035119
,,0.297795771479982,0.000748063536060909
,,0.2982456140350877,0.0007791083545143931
,,0.2986954565901934,0.0008106621044179344
,,0.29914529914529914,0.0008422158543214756
,,0.29959514170040485,0.0008741121877953983
,,0.30004498425551057,0.0009061918335306652
,,0.3004948268106163,0.0009382714792659321
,,0.300944669365722,0.0009708948478102715
,,0.3013945119208277,0.0010035182163546106
,,0.30184435447593344,0.001036528933601983
,,0.30229419703103916,0.0010697147740177761
,,0.3027440395861449,0.0011029006144335693
,,0.30319388214125054,0.0011363750273747175
,,0.30364372469635625,0.0011701430755171036
,,0.30409356725146197,0.0012047040198175291
,,0.3045434098065677,0.0012395416441454209
,,0.3049932523616734,0.0012745376213111664
,,0.3054430949167791,0.0013098252316199601
,,0.30589293747188484,0.0013454692824369234
,,0.30634278002699056,0.0013814464552241387
,,0.3067926225820963,0.0014179928870744426
,,0.307242465137202,0.0014546553393433193
,,0.3076923076923077,0.001491356628955701
,,0.3081421502474134,0.0015281358406267077
,,0.30859199280251914,0.0015650218444338091
,,0.3090418353576248,0.0016027626041223582
,,0.3094916779127305,0.0016405033638109074
,,0.30994152046783624,0.001678780213835942
,,0.31039136302294196,0.0017170570638609763
,,0.3108412055780477,0.0017555526387432966
,,0.3112910481331534,0.0017944932491733897
,,0.3117408906882591,0.0018335090345270927
,,0.3121907332433648,0.0018727902333866033
,,0.31264057579847054,0.001912889790555687
,,0.31309041835357626,0.0019529893477247707
,,0.313540260908682,0.0019936536873891935
,,0.3139901034637877,0.0020348989461916795
,,0.3144399460188934,0.002076144204994165
,,0.3148897885739991,0.0021179872211706005
,,0.3153396311291048,0.002159830237347036
,,0.3157894736842105,0.0022016732535234712
,,0.3162393162393162,0.0022437449200615263
,,0.31668915879442194,0.002285893359713702
,,0.31713900134952766,0.0023281961892547133
,,0.3175888439046334,0.002370565532678651
,,0.3180386864597391,0.002413203036504006
,,0.3184885290148448,0.0024561668477565955
,,0.31893837156995053,0.0024993304906894298
,,0.31938821412505625,0.0025425146291792123
,,0.31983805668016196,0.0025857141521144844
,,0.3202878992352677,0.00262906502472971
,,0.32073774179037334,0.002672809996186892
,,0.32118758434547906,0.002716554967644074
,,0.3216374269005848,0.0027603641754763773
,,0.3220872694556905,0.0028043851404443306
,,0.3225371120107962,0.0028485314419148815
,,0.32298695456590193,0.0028932937382896724
,,0.32343679712100765,0.0029385471570384817
,,0.32388663967611336,0.0029839955366634248
,,0.3243364822312191,0.0030298236019995206
,,0.3247863247863248,0.003075651667335616
,,0.3252361673414305,0.0031218463571944005
,,0.32568600989653623,0.003168226567895991
,,0.32613585245164195,0.0032150685284828852
,,0.3265856950067476,0.0032620143515101055
,,0.32703553756185333,0.0033095742914083207
,,0.32748538011695905,0.003357307681123816
,,0.32793522267206476,0.0034052860369155643
,,0.3283850652271705,0.0034534055055184653
,,0.3288349077822762,0.0035018814146295352
,,0.3292847503373819,0.003550486938470849
,,0.32973459289248763,0.0035992716531834668
,,0.33018443544759335,0.003648088505389308
,,0.33063427800269907,0.0036972736521725114
,,0.3310841205578048,0.0037467114623809705
,,0.3315339631129105,0.0037962765802552027
,,0.3319838056680162,0.0038459482897807776
,,0.3324336482231219,0.0038957270504044674
,,0.3328834907782276,0.0039455510233448
,,0.3333333333333333,0.003995617522469206
,,0.33378317588843903,0.004045975105890845
,,0.33423301844354475,0.004096437469968793
,,0.33468286099865047,0.0041470895421823716
,,0.3351327035537562,0.004197741614395951
,,0.3355825461088619,0.004249298187899059
,,0.3360323886639676,0.004300854761402167
,,0.33648223121907334,0.004352526673995885
,,0.33693207377417905,0.0044053260909167734
,,0.33738191632928477,0.0044582409704801
,,0.3378317588843905,0.004511707046705545
,,0.33828160143949615,0.00456517312293099
,,0.33873144399460187,0.00461964799304748
,,0.3391812865497076,0.004674251645362828
,,0.3396311291048133,0.004729388536470319
,,0.340080971659919,0.0047848805101474694
,,0.34053081421502474,0.004841236644547262
,,0.34098065677013045,0.004897847784080086
,,0.34143049932523617,0.004954458923612909
,,0.3418803418803419,0.005011070063145734
,,0.3423301844354476,0.005067681202678557
,,0.3427800269905533,0.0051242923422113815
,,0.34322986954565904,0.005181302714039924
,,0.34367971210076476,0.005239046076363405
,,0.3441295546558704,0.005296789438686886
,,0.34457939721097613,0.005354637980176711
,,0.34502923976608185,0.005412613243553699
,,0.34547908232118757,0.005471776524622839
,,0.3459289248762933,0.005531000485980255
,,0.346378767431399,0.00559114982173388
,,0.3468286099865047,0.005651400933013316
,,0.34727845254161044,0.00571303177949979
,,0.34772829509671616,0.005775121416406758
,,0.3481781376518219,0.005837614232774161
,,0.3486279802069276,0.005900107049141564
,,0.3490778227620333,0.005962720333588712
,,0.349527665317139,0.006026035423855686
,,0.34997750787224474,0.006090194715326219
,,0.3504273504273504,0.006154354006796753
,,0.3508771929824561,0.006218513298267287
,,0.35132703553756184,0.006282672589737821
,,0.35177687809266756,0.006346831881208354
,,0.3522267206477733,0.006411405103591602
,,0.352676563202879,0.00647665184068028
,,0.3531264057579847,0.006542269297866053
,,0.3535762483130904,0.006608073699374293
,,0.35402609086819614,0.0066741200288292545
,,0.35447593342330186,0.006741263473391441
,,0.3549257759784076,0.006808774369640286
,,0.3553756185335133,0.006876310465925059
,,0.355825461088619,0.0069443379891058745
,,0.3562753036437247,0.007012368961958251
,,0.3567251461988304,0.007080502722811915
,,0.3571749887539361,0.007149244820816058
,,0.3576248313090418,0.007217986918820201
,,0.35807467386414754,0.007286729016824345
,,0.35852451641925326,0.0073554711148284884
,,0.358974358974359,0.007424889364616279
,,0.3594242015294647,0.0074950230030658505
,,0.3598740440845704,0.0075651972281117474
,,0.3603238866396761,0.007635772448729334
,,0.36077372919478184,0.0077065788740008695
,,0.36122357174988756,0.007777866975634796
,,0.3616734143049933,0.007849155077268723
,,0.36212325686009894,0.007920443178902649
,,0.36257309941520466,0.007992110472566545
,,0.3630229419703104,0.008064233329488925
,,0.3634727845254161,0.008136671239213722
,,0.3639226270805218,0.008209776779442894
,,0.3643724696356275,0.008282884102661543
,,0.36482231219073324,0.008356399957471531
,,0.36527215474583896,0.008430131401298556
,,0.3657219973009447,0.008504161352995325
,,0.3661718398560504,0.008578191304692095
,,0.3666216824111561,0.008652221256388863
,,0.36707152496626183,0.008726875406666551
,,0.36752136752136755,0.008801624095758435
,,0.3679712100764732,0.008877317641875358
,,0.3684210526315789,0.008953295750195727
,,0.36887089518668464,0.009029675859089219
,,0.36932073774179036,0.00910666700885386
,,0.3697705802968961,0.009183658158618501
,,0.3702204228520018,0.009260649308383141
,,0.3706702654071075,0.009338082936019992
,,0.37112010796221323,0.009416575686223306
,,0.37156995051731895,0.009495138083942326
,,0.37201979307242466,0.00957402245870118
,,0.3724696356275304,0.009652987740511067
,,0.3729194781826361,0.009731953022320954
,,0.3733693207377418,0.00981105351865449
,,0.3738191632928475,0.009891252632992656
,,0.3742690058479532,0.009971451747330825
,,0.3747188484030589,0.010051650861668992
,,0.37516869095816463,0.010133179243095638
,,0.37561853351327035,0.01021508472156866
,,0.37606837606837606,0.01029724958574853
,,0.3765182186234818,0.010380214186788013
,,0.3769680611785875,0.010463900219140882
,,0.3774179037336932,0.010547829524843616
,,0.37786774628879893,0.010632902618506202
,,0.37831758884390465,0.010718448340466914
,,0.37876743139901037,0.010804375962972092
,,0.3792172739541161,0.01089033695542776
,,0.37966711650922175,0.010976779114594647
,,0.38011695906432746,0.011064269057509013
,,0.3805668016194332,0.011151759000423377
,,0.3810166441745389,0.011239248943337743
,,0.3814664867296446,0.011326738886252108
,,0.38191632928475033,0.011414228829166474
,,0.38236617183985605,0.011501718772080838
,,0.38281601439496177,0.011589208714995204
,,0.3832658569500675,0.011676698657909568
,,0.3837156995051732,0.011764917683681554
,,0.3841655420602789,0.011854442276431135
,,0.38461538461538464,0.011944666280061574
,,0.38506522717049035,0.012036322410733765
,,0.385515069725596,0.012127978541405956
,,0.38596491228070173,0.012219634672078147
,,0.38641475483580745,0.012311290802750337
,,0.38686459739091317,0.012403297434878254
,,0.3873144399460189,0.012496057856281434
,,0.3877642825011246,0.012589085137354936
,,0.3882141250562303,0.01268215136234516
,,0.38866396761133604,0.012775285817705614
,,0.38911381016644175,0.012869277136420408
,,0.38956365272154747,0.012963423922817387
,,0.3900134952766532,0.013058867496905786
,,0.3904633378317589,0.013154832249105302
,,0.3909131803868646,0.013251071186311103
,,0.3913630229419703,0.013347310123516903
,,0.391812865497076,0.013443549060722704
,,0.3922627080521817,0.013539787997928505
,,0.39271255060728744,0.013636026935134304
,,0.39316239316239315,0.013732265872340105
,,0.39361223571749887,0.013829476920022732
,,0.3940620782726046,0.013926905390884403
,,0.3945119208277103,0.014024847672111545
,,0.394961763382816,0.014123170628501701
,,0.39541160593792174,0.014222877635516721
,,0.39586144849302746,0.01432312652843943
,,0.3963112910481332,0.014423549767262874
,,0.3967611336032389,0.014524853911690032
,,0.39721097615834455,0.014626158056117191
,,0.39766081871345027,0.014727998201308514
,,0.398110661268556,0.01483153153228786
,,0.3985605038236617,0.014936139072728947
,,0.3990103463787674,0.015042047950993703
,,0.39946018893387314,0.015148980103444593
,,0.39991003148897886,0.015255912255895482
,,0.4003598740440846,0.015362844408346371
,,0.4008097165991903,0.015471794148579352
,,0.401259559154296,0.015582107554862683
,,0.4017094017094017,0.015692797706281496
,,0.40215924426450744,0.015803842633826653
,,0.40260908681961316,0.01591488756137181
,,0.4030589293747188,0.016028109840437454
,,0.40350877192982454,0.01614150879056946
,,0.40395861448493026,0.016256106795990707
,,0.404408457040036,0.01637159352063767
,,0.4048582995951417,0.016487187774823407
,,0.4053081421502474,0.01660333821627868
,,0.4057579847053531,0.01671948865773396
,,0.40620782726045884,0.01683614191495311
,,0.40665766981556456,0.016952795172172262
,,0.4071075123706703,0.017069939945924643
,,0.407557354925776,0.017190238617431894
,,0.4080071974808817,0.017310537288939144
,,0.40845704003598743,0.017430835960446395
,,0.4089068825910931,0.017551134631953645
,,0.4093567251461988,0.017671433303460896
,,0.4098065677013045,0.01779173197496815
,,0.41025641025641024,0.017914272236627705
,,0.41070625281151596,0.018037655489455656
,,0.4111560953666217,0.018165089116652305
,,0.4116059379217274,0.01829340769959337
,,0.4120557804768331,0.01842172628253444
,,0.41250562303193883,0.018550044865475505
,,0.41295546558704455,0.01867862320263305
,,0.41340530814215026,0.01880789938693935
,,0.413855150697256,0.018942186276063724
,,0.4143049932523617,0.0190764731651881
,,0.41475483580746736,0.019213957361196386
,,0.4152046783625731,0.019351441557204672
,,0.4156545209176788,0.019488925753212958
,,0.4161043634727845,0.019626409949221244
,,0.41655420602789023,0.01976389414522953
,,0.41700404858299595,0.019901378341237817
,,0.41745389113810166,0.02004395454450567
,,0.4179037336932074,0.020186530747773525
,,0.4183535762483131,0.020330656692381245
,,0.4188034188034188,0.020475015098189945
,,0.41925326135852453,0.020620032674801426
,,0.41970310391363025,0.020765849246325366
,,0.42015294646873597,0.02091166581784931
,,0.42060278902384163,0.021059465967026368
,,0.42105263157894735,0.021207525870419908
,,0.42150247413405306,0.021355585773813447
,,0.4219523166891588,0.021503645677206983
,,0.4224021592442645,0.021651705580600523
,,0.4228520017993702,0.021799765483994062
,,0.42330184435447593,0.021947825387387602
,,0.42375168690958165,0.02209864760241162
,,0.42420152946468737,0.022249610641165818
,,0.4246513720197931,0.022401566857806556
,,0.4251012145748988,0.022556790950073975
,,0.4255510571300045,0.022717189178750312
,,0.42600089968511023,0.022877587407426646
,,0.42645074224021595,0.023037985636102983
,,0.4269005847953216,0.023198383864779317
,,0.42735042735042733,0.023358782093455654
,,0.42780026990553305,0.023526154158161398
,,0.42825011246063877,0.023695222561360776
,,0.4286999550157445,0.023865827950043786
,,0.4291497975708502,0.024036433338726796
,,0.4295996401259559,0.024207524782648218
,,0.43004948268106163,0.02438505291924144
,,0.43049932523616735,0.02456511286627165
,,0.43094916779127307,0.024745560873532527
,,0.4313990103463788,0.024935946597135307
,,0.4318488529014845,0.02512842447154691
,,0.4322986954565902,0.025320902345958508
,,0.4327485380116959,0.02551338022037011
,,0.4331983805668016,0.025705858094781712
,,0.4336482231219073,0.02589833596919331
,,0.43409806567701303,0.026090813843604913
,,0.43454790823211875,0.026283291718016515
,,0.43499775078722447,0.026475769592428113
,,0.4354475933423302,0.026668247466839715
,,0.4358974358974359,0.026865660671364436
,,0.4363472784525416,0.027071886965376865
,,0.43679712100764734,0.027278113259389298
,,0.43724696356275305,0.027484339553401727
,,0.43769680611785877,0.027696510657351178
,,0.4381466486729645,0.027910374962252956
,,0.43859649122807015,0.028124239267154735
,,0.43904633378317587,0.028338103572056513
,,0.4394961763382816,0.028551967876958295
,,0.4399460188933873,0.028765832181860074
,,0.440395861448493,0.028979696486761852
,,0.44084570400359874,0.02919356079166363
,,0.44129554655870445,0.02940742509656541
,,0.44174538911381017,0.029621289401467188
,,0.4421952316689159,0.029835153706368966
,,0.4426450742240216,0.030049018011270745
,,0.4430949167791273,0.030262882316172524
,,0.44354475933423304,0.030476746621074302
,,0.44399460188933876,0.03069061092597608
,,0.4444444444444444,0.030904475230877866
,,0.44489428699955014,0.031118339535779645
,,0.44534412955465585,0.03133220384068142
,,0.44579397210976157,0.0315460681455832
,,0.4462438146648673,0.03175993245048498
,,0.446693657219973,0.03197379675538676
,,0.4471434997750787,0.03218766106028854
,,0.44759334233018444,0.032401525365190316
,,0.44804318488529016,0.032615389670092094
,,0.4484930274403959,0.03282925397499387
,,0.4489428699955016,0.03304311827989565
,,0.4493927125506073,0.03325698258479743
,,0.449842555105713,0.03347084688969921
,,0.4502923976608187,0.03368471119460099
,,0.4507422402159244,0.033898575499502766
,,0.4511920827710301,0.034112439804404544
,,0.45164192532613584,0.034329520113891315
,,0.45209176788124156,0.03455160996898163
,,0.4525416104363473,0.03477369982407194
,,0.452991452991453,0.03499971550993405
,,0.4534412955465587,0.035226160068065344
,,0.4538911381016644,0.03545409439302645
,,0.45434098065677014,0.035685995446534405
,,0.45479082321187586,0.03592264857081096
,,0.4552406657669816,0.03616324591382547
,,0.4556905083220873,0.03640384325683997
,,0.45614035087719296,0.03664444059985447
,,0.4565901934322987,0.03688503794286897
,,0.4570400359874044,0.037125635285883474
,,0.4574898785425101,0.037366232628897975
,,0.4579397210976158,0.03760682997191248
,,0.45838956365272154,0.03784742731492698
,,0.45883940620782726,0.038088024657941484
,,0.459289248762933,0.038328622000955985
,,0.4597390913180387,0.03857908340616181
,,0.4601889338731444,0.03883014150322042
,,0.46063877642825013,0.03908924633415911
,,0.46108861898335585,0.03935171616290221
,,0.46153846153846156,0.03961904654402943
,,0.4619883040935672,0.03989151522339131
,,0.46243814664867294,0.04016419221214108
,,0.46288798920377866,0.04043916060415765
,,0.4633378317588844,0.04071412899617422
,,0.4637876743139901,0.04098923927074601
,,0.4642375168690958,0.041266537903372896
,,0.46468735942420153,0.04155152046078967
,,0.46513720197930725,0.04184023727240707
,,0.46558704453441296,0.04212895408402447
,,0.4660368870895187,0.04241767089564187
,,0.4664867296446244,0.04270638770725927
,,0.4669365721997301,0.04299566081331139
,,0.46738641475483583,0.043287293956359274
,,0.4678362573099415,0.04358019506959432
,,0.4682860998650472,0.04388229038817754
,,0.46873594242015293,0.04418850518837782
,,0.46918578497525865,0.044494719988578096
,,0.46963562753036436,0.044803410919238215
,,0.4700854700854701,0.04512420737659089
,,0.4705353126405758,0.04544500383394356
,,0.4709851551956815,0.04576580029129623
,,0.47143499775078723,0.0460865967486489
,,0.47188484030589295,0.046407393206001575
,,0.47233468286099867,0.04672818966335425
,,0.4727845254161044,0.04704898612070692
,,0.4732343679712101,0.04736978257805959
,,0.47368421052631576,0.04769057903541226
,,0.4741340530814215,0.048011375492764935
,,0.4745838956365272,0.0483321719501176
,,0.4750337381916329,0.04866141041950588
,,0.47548358074673863,0.049005120909526585
,,0.47593342330184435,0.04935158108346747
,,0.47638326585695007,0.049707422531959505
,,0.4768331084120558,0.050064881441581055
,,0.4772829509671615,0.050425777456102806
,,0.4777327935222672,0.05078667347062456
,,0.47818263607737294,0.051147569485146316
,,0.47863247863247865,0.05150846549966807
,,0.47908232118758437,0.051872034818001095
,,0.47953216374269003,0.05224000722496445
,,0.47998200629779575,0.0526101569834483
,,0.48043184885290147,0.05298269480489012
,,0.4808816914080072,0.05335580282155793
,,0.4813315339631129,0.05373006535513604
,,0.4817813765182186,0.054106652500723953
,,0.48223121907332434,0.0544865430423258
,,0.48268106162843005,0.054871498791149
,,0.48313090418353577,0.0552564545399722
,,0.4835807467386415,0.055641410288795407
,,0.4840305892937472,0.056026366037618604
,,0.4844804318488529,0.05641132178644181
,,0.48493027440395864,0.05679627753526501
,,0.4853801169590643,0.05718123328408821
,,0.48582995951417,0.05756618903291141
,,0.48627980206927574,0.05795114478173462
,,0.48672964462438145,0.058336100530557815
,,0.48717948717948717,0.058723534535274735
,,0.4876293297345929,0.05911116358790921
,,0.4880791722896986,0.059500396622830444
,,0.4885290148448043,0.05989136730522901
,,0.48897885739991004,0.06028507204834365
,,0.48942869995501576,0.06067952777809275
,,0.4898785425101215,0.06107425779397591
,,0.4903283850652272,0.06147272076205607
,,0.4907782276203329,0.061873716333746914
,,0.49122807017543857,0.062274711905437756
,,0.4916779127305443,0.06267702221670791
,,0.49212775528565,0.06308018533202951
,,0.4925775978407557,0.0634837679719248
,,0.49302744039586144,0.06389168427937071
,,0.49347728295096716,0.06430024580524439
,,0.4939271255060729,0.0647099487093491
,,0.4943769680611786,0.06512240129737396
,,0.4948268106162843,0.06553943669193243
,,0.49527665317139,0.06595686250814285
,,0.49572649572649574,0.0663752926699072
,,0.49617633828160146,0.06679633802018259
,,0.4966261808367072,0.06722358057474773
,,0.49707602339181284,0.06765130918455128
,,0.49752586594691856,0.06807903779435484
,,0.4979757085020243,0.0685067664041584
,,0.49842555105713,0.06893498552842275
,,0.4988753936122357,0.06936552814223818
,,0.4993252361673414,0.06979659838180582
,,0.49977507872244714,0.07022885801501833
,,0.5002249212775528,0.07066141208296498
,,0.5006747638326585,0.07109414111716372
,,0.5011246063877642,0.07152721633458982
,,0.50157444894287,0.0719611887746886
,,0.5020242914979757,0.07239556451829315
,,0.5024741340530814,0.07283093113898606
,,0.5029239766081871,0.07326838085355789
,,0.5033738191632928,0.07370711718493726
,,0.5038236617183985,0.07414706661216378
,,0.5042735042735043,0.07458976572331046
,,0.50472334682861,0.07503394543349108
,,0.5051731893837157,0.0754781251436717
,,0.5056230319388214,0.07592230485385233
,,0.5060728744939271,0.07636648456403296
,,0.5065227170490328,0.07681158964860979
,,0.5069725596041386,0.07725714028382183
,,0.5074224021592443,0.07770269091903387
,,0.50787224471435,0.0781495145560608
,,0.5083220872694557,0.07859862959635454
,,0.5087719298245614,0.07904827053248001
,,0.5092217723796671,0.07949842040005553
,,0.5096716149347729,0.07995045177177974
,,0.5101214574898786,0.0804042613943762
,,0.5105713000449843,0.08085918153682084
,,0.51102114260009,0.0813174621901818
,,0.5114709851551957,0.08177940908876964
,,0.5119208277103013,0.08224244548475981
,,0.5123706702654071,0.08270989175118798
,,0.5128205128205128,0.08318106154792472
,,0.5132703553756185,0.08365844893925828
,,0.5137201979307242,0.08413964362528728
,,0.5141700404858299,0.08462083831131628
,,0.5146198830409356,0.08510203299734528
,,0.5150697255960414,0.0855832276833743
,,0.5155195681511471,0.0860644223694033
,,0.5159694107062528,0.0865456170554323
,,0.5164192532613585,0.0870268117414613
,,0.5168690958164642,0.0875080064274903
,,0.51731893837157,0.08798920111351931
,,0.5177687809266757,0.08847039579954832
,,0.5182186234817814,0.08895159048557733
,,0.5186684660368871,0.08943278517160633
,,0.5191183085919928,0.08991397985763533
,,0.5195681511470985,0.09039517454366433
,,0.5200179937022043,0.09087636922969335
,,0.52046783625731,0.09135756391572235
,,0.5209176788124157,0.09183875860175135
,,0.5213675213675214,0.09231995328778035
,,0.5218173639226271,0.09280114797380935
,,0.5222672064777328,0.09328234265983835
,,0.5227170490328386,0.09376353734586737
,,0.5231668915879443,0.09424473203189637
,,0.5236167341430499,0.09472592671792537
,,0.5240665766981556,0.09520712140395438
,,0.5245164192532613,0.09568831608998338
,,0.524966261808367,0.09616951077601238
,,0.5254161043634727,0.0966507054620414
,,0.5258659469185785,0.0971319001480704
,,0.5263157894736842,0.0976130948340994
,,0.5267656320287899,0.0980942895201284
,,0.5272154745838956,0.0985754842061574
,,0.5276653171390013,0.09905667889218642
,,0.528115159694107,0.09953787357821542
,,0.5285650022492128,0.10001906826424442
,,0.5290148448043185,0.10050026295027342
,,0.5294646873594242,0.10098145763630242
,,0.5299145299145299,0.10146265232233143
,,0.5303643724696356,0.10194384700836044
,,0.5308142150247414,0.10242504169438944
,,0.5312640575798471,0.10290623638041844
,,0.5317139001349528,0.10338743106644745
,,0.5321637426900585,0.10386862575247645
,,0.5326135852451642,0.10434982043850545
,,0.5330634278002699,0.10483101512453447
,,0.5335132703553757,0.10531220981056347
,,0.5339631129104814,0.10579340449659247
,,0.5344129554655871,0.10627459918262147
,,0.5348627980206928,0.10675579386865047
,,0.5353126405757984,0.10723698855467947
,,0.5357624831309041,0.10771818324070849
,,0.5362123256860098,0.10819937792673749
,,0.5366621682411156,0.1086805726127665
,,0.5371120107962213,0.1091617672987955
,,0.537561853351327,0.1096429619848245
,,0.5380116959064327,0.11012415667085351
,,0.5384615384615384,0.11060535135688251
,,0.5389113810166442,0.11108654604291152
,,0.5393612235717499,0.11156774072894052
,,0.5398110661268556,0.11204893541496952
,,0.5402609086819613,0.11253013010099852
,,0.540710751237067,0.11301132478702754
,,0.5411605937921727,0.11349251947305654
,,0.5416104363472785,0.11397371415908554
,,0.5420602789023842,0.11445490884511454
,,0.5425101214574899,0.11493610353114354
,,0.5429599640125956,0.11541729821717255
,,0.5434098065677013,0.11589849290320156
,,0.543859649122807,0.11637968758923056
,,0.5443094916779128,0.11686088227525956
,,0.5447593342330185,0.11734207696128857
,,0.5452091767881242,0.11782327164731757
,,0.5456590193432299,0.11830446633334657
,,0.5461088618983356,0.11878566101937559
,,0.5465587044534413,0.11926685570540459
,,0.5470085470085471,0.11974805039143359
,,0.5474583895636527,0.12022924507746259
,,0.5479082321187584,0.12071043976349159
,,0.5483580746738641,0.12119163444952061
,,0.5488079172289698,0.12167282913554961
,,0.5492577597840755,0.12215402382157861
,,0.5497076023391813,0.12264640908170131
,,0.550157444894287,0.12313994209301311
,,0.5506072874493927,0.1236389588044506
,,0.5510571300044984,0.12413979408990934
,,0.5515069725596041,0.12464376287558247
,,0.5519568151147098,0.1251516905997242
,,0.5524066576698156,0.12566038212495487
,,0.5528565002249213,0.12617098315290787
,,0.553306342780027,0.12668204509531109
,,0.5537561853351327,0.12719531942707538
,,0.5542060278902384,0.12770859375883964
,,0.5546558704453441,0.1282218680906039
,,0.5551057130004499,0.12873514242236817
,,0.5555555555555556,0.12924841675413246
,,0.5560053981106613,0.12976169108589672
,,0.556455240665767,0.13027496541766098
,,0.5569050832208727,0.1307931750795384
,,0.5573549257759784,0.13131399756324036
,,0.5578047683310842,0.13183620316001046
,,0.5582546108861899,0.13235864310484194
,,0.5587044534412956,0.13288884836074427
,,0.5591542959964012,0.133420453918643
,,0.5596041385515069,0.13395358707871957
,,0.5600539811066126,0.13448824784097402
,,0.5605038236617184,0.13502290860322846
,,0.5609536662168241,0.1355587132908347
,,0.5614035087719298,0.1360946781037288
,,0.5618533513270355,0.1366320121697945
,,0.5623031938821412,0.13717245304839767
,,0.562753036437247,0.1377172017495626
,,0.5632028789923527,0.13826236702326367
,,0.5636527215474584,0.138815740912197
,,0.5641025641025641,0.139370451453036
,,0.5645524066576698,0.1399318452534032
,,0.5650022492127755,0.14049795664873144
,,0.5654520917678812,0.141065218676977
,,0.565901934322987,0.14163278163998558
,,0.5663517768780927,0.1422025544522985
,,0.5668016194331984,0.142774488707693
,,0.5672514619883041,0.14335132457355385
,,0.5677013045434098,0.14392875819678866
,,0.5681511470985156,0.14450619182002344
,,0.5686009896536213,0.14508362544325826
,,0.569050832208727,0.14566105906649304
,,0.5695006747638327,0.14623849268972786
,,0.5699505173189384,0.14681592631296264
,,0.5704003598740441,0.14739335993619745
,,0.5708502024291497,0.14797079355943224
,,0.5713000449842555,0.14855097686658722
,,0.5717498875393612,0.14913948182441808
,,0.5721997300944669,0.14973814287122492
,,0.5726495726495726,0.15033963622876118
,,0.5730994152046783,0.15094112958629743
,,0.573549257759784,0.15154394490725684
,,0.5739991003148898,0.15215542838095378
,,0.5744489428699955,0.15276785798135434
,,0.5748987854251012,0.15338741144479118
,,0.5753486279802069,0.1540078993294075
,,0.5757984705353126,0.15463062186426857
,,0.5762483130904184,0.15526004169911903
,,0.5766981556455241,0.15589246900075712
,,0.5771479982006298,0.15653406191546246
,,0.5775978407557355,0.1571756548301678
,,0.5780476833108412,0.15781724774487313
,,0.5784975258659469,0.15845884065957844
,,0.5789473684210527,0.15910043357428377
,,0.5793972109761584,0.1597420264889891
,,0.5798470535312641,0.16038361940369444
,,0.5802968960863698,0.16102521231839978
,,0.5807467386414755,0.1616668052331051
,,0.5811965811965812,0.16230839814781042
,,0.581646423751687,0.16294999106251576
,,0.5820962663067927,0.1635915839772211
,,0.5825461088618983,0.16423317689192643
,,0.582995951417004,0.16487476980663174
,,0.5834457939721097,0.16551636272133707
,,0.5838956365272154,0.16616552159022527
,,0.5843454790823212,0.16681778739086914
,,0.5847953216374269,0.1674757745996657
,,0.5852451641925326,0.16813569874050546
,,0.5856950067476383,0.1688019683057764
,,0.586144849302744,0.16947029425859447
,,0.5865946918578497,0.17013869345261284
,,0.5870445344129555,0.17080799151590773
,,0.5874943769680612,0.17147747977473068
,,0.5879442195231669,0.17214918827522832
,,0.5883940620782726,0.17282154249406337
,,0.5888439046333783,0.1734939072512006
,,0.589293747188484,0.17416717544635882
,,0.5897435897435898,0.17484084800679942
,,0.5901934322986955,0.17551452056724
,,0.5906432748538012,0.17619377604945224
,,0.5910931174089069,0.17687310972384612
,,0.5915429599640126,0.17755244339824003
,,0.5919928025191183,0.17823222636739214
,,0.5924426450742241,0.17891433223676312
,,0.5928924876293298,0.17959813521164644
,,0.5933423301844355,0.1802855561916879
,,0.5937921727395412,0.18097297717172933
,,0.5942420152946468,0.18166106684922217
,,0.5946918578497525,0.18235586503002502
,,0.5951417004048583,0.18305718068945026
,,0.595591542959964,0.18376178719399272
,,0.5960413855150697,0.1844687732326969
,,0.5964912280701754,0.18517716212208388
,,0.5969410706252811,0.18588725660074878
,,0.5973909131803868,0.18659876669205663
,,0.5978407557354926,0.18731142211313756
,,0.5982905982905983,0.18802592331360488
,,0.598740440845704,0.18874052507722497
,,0.5991902834008097,0.18945628061379138
,,0.5996401259559154,0.1901733135745115
,,0.6000899685110211,0.19089344631153424
,,0.6005398110661269,0.19161523834057773
,,0.6009896536212326,0.19233703036962124
,,0.6014394961763383,0.19305882239866476
,,0.601889338731444,0.19378061442770825
,,0.6023391812865497,0.19450240645675176
,,0.6027890238416554,0.19522419848579528
,,0.6032388663967612,0.19594599051483877
,,0.6036887089518669,0.19666778254388229
,,0.6041385515069726,0.1973895745729258
,,0.6045883940620783,0.1981113666019693
,,0.605038236617184,0.1988331586310128
,,0.6054880791722898,0.1995549506600563
,,0.6059379217273954,0.2002767426890998
,,0.6063877642825011,0.20099853471814333
,,0.6068376068376068,0.20172032674718682
,,0.6072874493927125,0.20244211877623033
,,0.6077372919478182,0.20316391080527385
,,0.6081871345029239,0.20389007733146305
,,0.6086369770580297,0.20461955230087173
,,0.6090868196131354,0.20534936424134906
,,0.6095366621682411,0.2060800672830968
,,0.6099865047233468,0.20681148320586087
,,0.6104363472784525,0.2075447322512384
,,0.6108861898335582,0.2082780973170345
,,0.611336032388664,0.20901169223460325
,,0.6117858749437697,0.20974763704852994
,,0.6122357174988754,0.21048358186245666
,,0.6126855600539811,0.21122030751968726
,,0.6131354026090868,0.21196060703665498
,,0.6135852451641925,0.21270502794862806
,,0.6140350877192983,0.2134494644334847
,,0.614484930274404,0.2141940868673398
,,0.6149347728295097,0.21493887575085618
,,0.6153846153846154,0.21568472751420115
,,0.6158344579397211,0.2164309594539346
,,0.6162843004948269,0.21717948452109082
,,0.6167341430499326,0.21793177480488263
,,0.6171839856050383,0.21868494909605848
,,0.617633828160144,0.21944231817582344
,,0.6180836707152496,0.2202005643477479
,,0.6185335132703553,0.22095937135263982
,,0.618983355825461,0.2217191524358435
,,0.6194331983805668,0.22247893351904718
,,0.6198830409356725,0.22323908164625242
,,0.6203328834907782,0.2239998275308316
,,0.6207827260458839,0.22476660930694287
,,0.6212325686009896,0.22553357095210788
,,0.6216824111560953,0.22630278506615134
,,0.6221322537112011,0.22707269656379778
,,0.6225820962663068,0.22784260806144419
,,0.6230319388214125,0.2286125195590906
,,0.6234817813765182,0.22938243105673703
,,0.6239316239316239,0.23015234255438344
,,0.6243814664867297,0.23092225405202985
,,0.6248313090418354,0.23169216554967628
,,0.6252811515969411,0.2324620770473227
,,0.6257309941520468,0.2332319885449691
,,0.6261808367071525,0.2340053371475157
,,0.6266306792622582,0.234779022721131
,,0.627080521817364,0.2355551431824681
,,0.6275303643724697,0.23633548708523167
,,0.6279802069275754,0.23711734982344612
,,0.6284300494826811,0.23790235490980538
,,0.6288798920377868,0.2386876646374047
,,0.6293297345928925,0.23947413337155962
,,0.6297795771479981,0.24026062536026024
,,0.6302294197031039,0.2410480348464895
,,0.6306792622582096,0.24183544433271878
,,0.6311291048133153,0.2426280002861783
,,0.631578947368421,0.24342790833568106
,,0.6320287899235267,0.24422801244107833
,,0.6324786324786325,0.2450290600654678
,,0.6329284750337382,0.24583036354227425
,,0.6333783175888439,0.2466323546856559
,,0.6338281601439496,0.24743434582903756
,,0.6342780026990553,0.2482363369724192
,,0.634727845254161,0.24903832811580087
,,0.6351776878092668,0.24984031925918251
,,0.6356275303643725,0.2506423104025642
,,0.6360773729194782,0.2514443015459458
,,0.6365272154745839,0.25224629268932747
,,0.6369770580296896,0.25304828383270916
,,0.6374269005847953,0.2538502749760908
,,0.6378767431399011,0.25465226611947245
,,0.6383265856950068,0.25545702274955545
,,0.6387764282501125,0.256262715390522
,,0.6392262708052182,0.2570691130786475
,,0.6396761133603239,0.25787585996465845
,,0.6401259559154296,0.2586845238757951
,,0.6405757984705354,0.2594949570312124
,,0.6410256410256411,0.26030595931103656
,,0.6414754835807467,0.26111711606748544
,,0.6419253261358524,0.2619300711404222
,,0.6423751686909581,0.2627444006090867
,,0.6428250112460638,0.2635609734096208
,,0.6432748538011696,0.2643775462101549
,,0.6437246963562753,0.26519411901068896
,,0.644174538911381,0.2660115330606741
,,0.6446243814664867,0.26682904661328255
,,0.6450742240215924,0.2676470775795319
,,0.6455240665766981,0.2684651085457812
,,0.6459739091318039,0.26928313951203053
,,0.6464237516869096,0.2701040010352565
,,0.6468735942420153,0.2709253630353799
,,0.647323436797121,0.27174691493835623
,,0.6477732793522267,0.2725684668413326
,,0.6482231219073324,0.27339001874430896
,,0.6486729644624382,0.2742121109444813
,,0.6491228070175439,0.27503489445083956
,,0.6495726495726496,0.27585845503817524
,,0.6500224921277553,0.27668336021422496
,,0.650472334682861,0.2775082653902746
,,0.6509221772379667,0.27833317056632434
,,0.6513720197930725,0.27915807574237406
,,0.6518218623481782,0.2799829809184237
,,0.6522717049032839,0.28080788609447344
,,0.6527215474583896,0.28163279127052315
,,0.6531713900134952,0.28245817382225347
,,0.6536212325686009,0.2832848416162007
,,0.6540710751237067,0.2841118949828131
,,0.6545209176788124,0.28493975680823935
,,0.6549707602339181,0.28576765619545436
,,0.6554206027890238,0.28659846889555135
,,0.6558704453441295,0.2874305877027722
,,0.6563202878992352,0.28826292445698454
,,0.656770130454341,0.28909526121119683
,,0.6572199730094467,0.2899293320003138
,,0.6576698155645524,0.29076340278943075
,,0.6581196581196581,0.29159747357854765
,,0.6585695006747638,0.2924326048518211
,,0.6590193432298695,0.29326788619360733
,,0.6594691857849753,0.294105521387806
,,0.659919028340081,0.29494565282660584
,,0.6603688708951867,0.2957858340244342
,,0.6608187134502924,0.296627924724985
,,0.6612685560053981,0.29747001542553575
,,0.6617183985605039,0.2983121061260865
,,0.6621682411156096,0.29915419682663724
,,0.6626180836707153,0.299996287527188
,,0.663067926225821,0.3008397298982051
,,0.6635177687809267,0.30168359841163533
,,0.6639676113360324,0.302527799615195
,,0.6644174538911382,0.30337282442968494
,,0.6648672964462438,0.30422064363840273
,,0.6653171390013495,0.3050690658479802
,,0.6657669815564552,0.30591782370381937
,,0.6662168241115609,0.30676699079681174
,,0.6666666666666666,0.30761794560999983
,,0.6671165092217723,0.3084691664947459
,,0.6675663517768781,0.3093210870478323
,,0.6680161943319838,0.3101730382952279
,,0.6684660368870895,0.3110254403104793
,,0.6689158794421952,0.3118783362809259
,,0.6693657219973009,0.3127315590973475
,,0.6698155645524067,0.3135870163169546
,,0.6702654071075124,0.3144424735365618
,,0.6707152496626181,0.3152979307561689
,,0.6711650922177238,0.3161533879757761
,,0.6716149347728295,0.3170088451953832
,,0.6720647773279352,0.31786430241499036
,,0.672514619883041,0.3187197596345975
,,0.6729644624381467,0.31957521685420465
,,0.6734143049932524,0.3204323448886938
,,0.6738641475483581,0.32129028890254396
,,0.6743139901034638,0.32214872680932743
,,0.6747638326585695,0.32300800303437927
,,0.6752136752136753,0.32386758523316106
,,0.675663517768781,0.3247277207344379
,,0.6761133603238867,0.32558835968830474
,,0.6765632028789923,0.32644944491593564
,,0.677013045434098,0.32731072723334165
,,0.6774628879892037,0.32817355908415224
,,0.6779127305443094,0.32903652806653483
,,0.6783625730994152,0.32989987222019923
,,0.6788124156545209,0.3307640585951085
,,0.6792622582096266,0.33162824497001775
,,0.6797121007647323,0.33249270700246286
,,0.680161943319838,0.3333575569111366
,,0.6806117858749438,0.3342224891315938
,,0.6810616284300495,0.335087421352051
,,0.6815114709851552,0.3359535717869032
,,0.6819613135402609,0.3368197222217554
,,0.6824111560953666,0.3376858726566076
,,0.6828609986504723,0.33855202309145976
,,0.6833108412055781,0.33941817352631193
,,0.6837606837606838,0.34028432396116415
,,0.6842105263157895,0.3411504743960163
,,0.6846603688708952,0.34201662483086853
,,0.6851102114260009,0.34288372812648515
,,0.6855600539811066,0.3437508770499117
,,0.6860098965362124,0.34461850808379785
,,0.6864597390913181,0.3454865832973941
,,0.6869095816464238,0.3463550810233977
,,0.6873594242015295,0.3472243359400952
,,0.6878092667566352,0.34809374083176114
,,0.6882591093117408,0.348963369782416
,,0.6887089518668466,0.3498333262769317
,,0.6891587944219523,0.35070405951831757
,,0.689608636977058,0.3515747927597034
,,0.6900584795321637,0.3524455260010892
,,0.6905083220872694,0.3533166936317199
,,0.6909581646423751,0.35418885900014746
,,0.6914080071974809,0.35506150788413576
,,0.6918578497525866,0.3559343726634442
,,0.6923076923076923,0.35680723744275267
,,0.692757534862798,0.3576801022220611
,,0.6932073774179037,0.35855323774106534
,,0.6936572199730094,0.3594271315386813
,,0.6941070625281152,0.36030132350197924
,,0.6945569050832209,0.361176066699082
,,0.6950067476383266,0.3620509661282256
,,0.6954565901934323,0.36292586555736933
,,0.695906432748538,0.363800764986513
,,0.6963562753036437,0.36467566441565663
,,0.6968061178587495,0.3655507442364352
,,0.6972559604138552,0.36642630148469846
,,0.6977058029689609,0.3673019519004766
,,0.6981556455240666,0.36817788934589213
,,0.6986054880791723,0.36905435109544493
,,0.699055330634278,0.3699311947455422
,,0.6995051731893838,0.37080882823540195
,,0.6999550157444895,0.37168679748710404
,,0.7004048582995951,0.3725652200011972
,,0.7008547008547008,0.3734439233409024
,,0.7013045434098065,0.3743226266806075
,,0.7017543859649122,0.3752016089737538
,,0.702204228520018,0.3760810337447723
,,0.7026540710751237,0.37696093259922536
,,0.7031039136302294,0.3778410664693981
,,0.7035537561853351,0.3787213195504431
,,0.7040035987404408,0.37960173884980214
,,0.7044534412955465,0.3804822227433871
,,0.7049032838506523,0.38136270663697214
,,0.705353126405758,0.3822439306403024
,,0.7058029689608637,0.3831251546436326
,,0.7062528115159694,0.38400697869535094
,,0.7067026540710751,0.3848891689530708
,,0.7071524966261808,0.38577175042598255
,,0.7076023391812866,0.38665445246015184
,,0.7080521817363923,0.38753719581521195
,,0.708502024291498,0.3884199680694074
,,0.7089518668466037,0.38930298512212036
,,0.7094017094017094,0.39018627399784483
,,0.7098515519568152,0.39106987125757064
,,0.7103013945119209,0.39195364290627743
,,0.7107512370670266,0.39283769825967957
,,0.7112010796221323,0.39372205606103017
,,0.711650922177238,0.3946066352285388
,,0.7121007647323436,0.3954914861203836
,,0.7125506072874493,0.396376362472842
,,0.7130004498425551,0.39726141698464534
,,0.7134502923976608,0.39814681520693873
,,0.7139001349527665,0.3990322134292321
,,0.7143499775078722,0.3999176116515255
,,0.7147998200629779,0.40080362091469
,,0.7152496626180836,0.40168986519357425
,,0.7156995051731894,0.4025766382578277
,,0.7161493477282951,0.4034639789173858
,,0.7165991902834008,0.4043516196003519
,,0.7170490328385065,0.4052393160659218
,,0.7174988753936122,0.40612703006386197
,,0.717948717948718,0.4070151236675205
,,0.7183985605038237,0.40790348308788177
,,0.7188484030589294,0.40879184250824296
,,0.7192982456140351,0.4096802019286042
,,0.7197480881691408,0.4105685613489654
,,0.7201979307242465,0.41145692076932666
,,0.7206477732793523,0.41234528018968786
,,0.721097615834458,0.4132336396100491
,,0.7215474583895637,0.4141219990304103
,,0.7219973009446694,0.41501035845077155
,,0.7224471434997751,0.41589871787113275
,,0.7228969860548808,0.416787077291494
,,0.7233468286099866,0.41767610065761035
,,0.7237966711650922,0.4185660979087613
,,0.7242465137201979,0.41945630807791495
,,0.7246963562753036,0.4203466469087494
,,0.7251461988304093,0.421237020749565
,,0.725596041385515,0.4221279329268813
,,0.7260458839406208,0.42301895159232084
,,0.7264957264957265,0.4239100528627449
,,0.7269455690508322,0.42480144629752
,,0.7273954116059379,0.425692922768479
,,0.7278452541610436,0.4265844576093035
,,0.7282950967161493,0.4274764282468207
,,0.728744939271255,0.4283683988843379
,,0.7291947818263608,0.42926045980228394
,,0.7296446243814665,0.4301528572200105
,,0.7300944669365722,0.4310453957505482
,,0.7305443094916779,0.43193807140484225
,,0.7309941520467836,0.43283081417760655
,,0.7314439946018894,0.4337236332336122
,,0.7318938371569951,0.4346169722471369
,,0.7323436797121008,0.43551036011704736
,,0.7327935222672065,0.43640400739110125
,,0.7332433648223122,0.43729765466515513
,,0.7336932073774179,0.4381917894718189
,,0.7341430499325237,0.4390866427475921
,,0.7345928924876294,0.4399815398779734
,,0.7350427350427351,0.44087678580546924
,,0.7354925775978407,0.44177203173296503
,,0.7359424201529464,0.4426673502087532
,,0.7363922627080521,0.443562707485245
,,0.7368421052631579,0.4444582642620212
,,0.7372919478182636,0.44535404016206065
,,0.7377417903733693,0.44625005785328703
,,0.738191632928475,0.4471464769861314
,,0.7386414754835807,0.44804361962110073
,,0.7390913180386864,0.4489407622560701
,,0.7395411605937922,0.4498381253192053
,,0.7399910031488979,0.4507363553997928
,,0.7404408457040036,0.4516345854803802
,,0.7408906882591093,0.4525328155609677
,,0.741340530814215,0.45343254519093845
,,0.7417903733693207,0.45433255747406676
,,0.7422402159244265,0.45523256975719506
,,0.7426900584795322,0.4561335300203983
,,0.7431399010346379,0.4570347270046376
,,0.7435897435897436,0.45793696704094194
,,0.7440395861448493,0.45883920707724635
,,0.744489428699955,0.45974144711355075
,,0.7449392712550608,0.4606436871498551
,,0.7453891138101665,0.4615459271861595
,,0.7458389563652722,0.4624481672224639
,,0.7462887989203779,0.46335040725876825
,,0.7467386414754836,0.4642531795900793
,,0.7471884840305892,0.46515727696929293
,,0.747638326585695,0.46606146568818113
,,0.7480881691408007,0.4669661116979157
,,0.7485380116959064,0.4678707577076502
,,0.7489878542510121,0.46877616349846796
,,0.7494376968061178,0.4696816373700279
,,0.7498875393612235,0.47058741560255307
,,0.7503373819163293,0.47149319383507826
,,0.750787224471435,0.47239897206760345
,,0.7512370670265407,0.47330475030012864
,,0.7516869095816464,0.4742107496699176
,,0.7521367521367521,0.4751169996619389
,,0.7525865946918578,0.4760235083607806
,,0.7530364372469636,0.47693004477821027
,,0.7534862798020693,0.47783664346203303
,,0.753936122357175,0.4787440391556877
,,0.7543859649122807,0.47965174731342425
,,0.7548358074673864,0.48055966181536575
,,0.7552856500224921,0.4814677470849251
,,0.7557354925775979,0.48237589269237624
,,0.7561853351327036,0.4832841367458611
,,0.7566351776878093,0.4841924592992642
,,0.757085020242915,0.4851013825950968
,,0.7575348627980207,0.48601030589092936
,,0.7579847053531265,0.4869192291867619
,,0.7584345479082322,0.4878281524825945
,,0.7588843904633378,0.4887374777790002
,,0.7593342330184435,0.48964713348683586
,,0.7597840755735492,0.4905569332757213
,,0.7602339181286549,0.49146689676758937
,,0.7606837606837606,0.4923772650925091
,,0.7611336032388664,0.4932876334174289
,,0.7615834457939721,0.4941982814253978
,,0.7620332883490778,0.4951089988848621
,,0.7624831309041835,0.49601983168341696
,,0.7629329734592892,0.4969307956691818
,,0.763382816014395,0.4978425329690262
,,0.7638326585695007,0.4987542702688706
,,0.7642825011246064,0.499666007568715
,,0.7647323436797121,0.5005787892411824
,,0.7651821862348178,0.5014915709136497
,,0.7656320287899235,0.5024043525861172
,,0.7660818713450293,0.503317207211084
,,0.766531713900135,0.5042301279705595
,,0.7669815564552407,0.5051435822898009
,,0.7674313990103464,0.5060570366090424
,,0.7678812415654521,0.5069717829428798
,,0.7683310841205578,0.5078872264919106
,,0.7687809266756636,0.5088026700409415
,,0.7692307692307693,0.5097183036540331
,,0.769680611785875,0.5106341257984109
,,0.7701304543409807,0.5115505045231993
,,0.7705802968960864,0.5124670658299212
,,0.771030139451192,0.5133836271366431
,,0.7714799820062977,0.5143001884433651
,,0.7719298245614035,0.515216749750087
,,0.7723796671165092,0.5161338502105188
,,0.7728295096716149,0.517051477286202
,,0.7732793522267206,0.5179691043618853
,,0.7737291947818263,0.5188867314375685
,,0.774179037336932,0.5198048730224054
,,0.7746288798920378,0.5207231834919264
,,0.7750787224471435,0.5216418278925272
,,0.7755285650022492,0.5225604722931281
,,0.7759784075573549,0.5234791166937289
,,0.7764282501124606,0.5243977610943298
,,0.7768780926675664,0.5253164054949306
,,0.7773279352226721,0.5262350498955315
,,0.7777777777777778,0.5271536942961323
,,0.7782276203328835,0.5280723386967333
,,0.7786774628879892,0.528991124666821
,,0.7791273054430949,0.5299100512930441
,,0.7795771479982007,0.5308300151475405
,,0.7800269905533064,0.531750561503422
,,0.7804768331084121,0.5326712374042453
,,0.7809266756635178,0.533592283080129
,,0.7813765182186235,0.5345137197129505
,,0.7818263607737292,0.5354351563457721
,,0.782276203328835,0.5363565929785936
,,0.7827260458839406,0.5372784857681641
,,0.7831758884390463,0.5382004386119843
,,0.783625730994152,0.5391225419173049
,,0.7840755735492577,0.5400448317321939
,,0.7845254161043634,0.5409671215470828
,,0.7849752586594692,0.5418894113619718
,,0.7854251012145749,0.5428117011768608
,,0.7858749437696806,0.5437339909917498
,,0.7863247863247863,0.5446578847889255
,,0.786774628879892,0.5455821795816729
,,0.7872244714349977,0.5465065798995706
,,0.7876743139901035,0.5474312285119401
,,0.7881241565452092,0.5483561221941777
,,0.7885739991003149,0.5492814965903874
,,0.7890238416554206,0.5502072235101765
,,0.7894736842105263,0.5511333939273722
,,0.789923526765632,0.5520601392486132
,,0.7903733693207378,0.5529871755416976
,,0.7908232118758435,0.553914489219102
,,0.7912730544309492,0.5548425075421579
,,0.7917228969860549,0.5557705258652138
,,0.7921727395411606,0.5566989485535522
,,0.7926225820962663,0.5576277662033291
,,0.7930724246513721,0.5585569697349713
,,0.7935222672064778,0.5594861732666135
,,0.7939721097615835,0.5604153767982557
,,0.7944219523166891,0.5613451428017694
,,0.7948717948717948,0.5622754525280921
,,0.7953216374269005,0.5632057622544149
,,0.7957714799820063,0.5641360719807377
,,0.796221322537112,0.5650663817070605
,,0.7966711650922177,0.5659966914333832
,,0.7971210076473234,0.566927001159706
,,0.7975708502024291,0.5678577329866306
,,0.7980206927575348,0.568788568608785
,,0.7984705353126406,0.5697196243733806
,,0.7989203778677463,0.5706508432394611
,,0.799370220422852,0.5715831579436423
,,0.7998200629779577,0.5725163840013956
,,0.8002699055330634,0.5734497201093914
,,0.8007197480881691,0.5743833456646009
,,0.8011695906432749,0.5753182381974572
,,0.8016194331983806,0.5762531307303136
,,0.8020692757534863,0.5771891015705896
,,0.802519118308592,0.5781254804190785
,,0.8029689608636977,0.579062091504385
,,0.8034188034188035,0.5799987025896916
,,0.8038686459739092,0.580936415311184
,,0.8043184885290149,0.5818741280326765
,,0.8047683310841206,0.5828121531168342
,,0.8052181736392263,0.5837501782009921
,,0.805668016194332,0.5846883056561075
,,0.8061178587494376,0.585626635293864
,,0.8065677013045434,0.5865655517544085
,,0.8070175438596491,0.5875050270937985
,,0.8074673864147548,0.5884445024331885
,,0.8079172289698605,0.5893841133585705
,,0.8083670715249662,0.5903241215824412
,,0.808816914080072,0.5912641298063118
,,0.8092667566351777,0.5922046466926413
,,0.8097165991902834,0.593145649634209
,,0.8101664417453891,0.5940866525757769
,,0.8106162843004948,0.5950285655782167
,,0.8110661268556005,0.59597090517169
,,0.8115159694107063,0.596914046756307
,,0.811965811965812,0.5978575657485207
,,0.8124156545209177,0.5988017968305399
,,0.8128654970760234,0.599746688214015
,,0.8133153396311291,0.600691892061572
,,0.8137651821862348,0.6016370959091291
,,0.8142150247413406,0.6025828923609792
,,0.8146648672964463,0.603528970048765
,,0.815114709851552,0.604475452158475
,,0.8155645524066577,0.6054253429672596
,,0.8160143949617634,0.6063827458658873
,,0.8164642375168691,0.6073451352379452
,,0.8169140800719749,0.6083075246100033
,,0.8173639226270806,0.6092699139820612
,,0.8178137651821862,0.6102323033541193
,,0.8182636077372919,0.6111946927261772
,,0.8187134502923976,0.6121570820982353
,,0.8191632928475033,0.6131194714702932
,,0.819613135402609,0.6140818608423513
,,0.8200629779577148,0.6150442502144092
,,0.8205128205128205,0.6160066395864673
,,0.8209626630679262,0.6169690289585253
,,0.8214125056230319,0.6179314183305833
,,0.8218623481781376,0.6188938077026414
,,0.8223121907332434,0.6198561970746993
,,0.8227620332883491,0.6208185864467574
,,0.8232118758434548,0.6217809758188153
,,0.8236617183985605,0.6227433651908734
,,0.8241115609536662,0.6237057545629313
,,0.8245614035087719,0.6246681439349894
,,0.8250112460638777,0.6256305333070473
,,0.8254610886189834,0.6265929226791054
,,0.8259109311740891,0.6275553120511634
,,0.8263607737291948,0.6285177014232214
,,0.8268106162843005,0.6294800907952794
,,0.8272604588394062,0.6304424801673374
,,0.827710301394512,0.6314048695393955
,,0.8281601439496177,0.6323672589114534
,,0.8286099865047234,0.6333296482835115
,,0.8290598290598291,0.6342920376555694
,,0.8295096716149347,0.6352544270276275
,,0.8299595141700404,0.6362168163996854
,,0.8304093567251462,0.6371792057717435
,,0.8308591992802519,0.6381415951438015
,,0.8313090418353576,0.6391039845158595
,,0.8317588843904633,0.6400663738879175
,,0.832208726945569,0.6410287632599755
,,0.8326585695006747,0.6419911526320335
,,0.8331084120557805,0.6429535420040915
,,0.8335582546108862,0.6439159313761496
,,0.8340080971659919,0.6448783207482075
,,0.8344579397210976,0.6458407101202656
,,0.8349077822762033,0.6468030994923235
,,0.835357624831309,0.6477654888643816
,,0.8358074673864148,0.6487278782364395
,,0.8362573099415205,0.6496902676084976
,,0.8367071524966262,0.6506526569805556
,,0.8371569950517319,0.6516150463526136
,,0.8376068376068376,0.6525774357246716
,,0.8380566801619433,0.6535398250967296
,,0.8385065227170491,0.6545022144687876
,,0.8389563652721548,0.6554646038408456
,,0.8394062078272605,0.6564269932129037
,,0.8398560503823662,0.6573893825849616
,,0.8403058929374719,0.6583517719570197
,,0.8407557354925776,0.6593141613290776
,,0.8412055780476833,0.6602765507011357
,,0.841655420602789,0.6612389400731937
,,0.8421052631578947,0.6622013294452517
,,0.8425551057130004,0.6631637188173097
,,0.8430049482681061,0.6641261081893677
,,0.8434547908232118,0.6650884975614257
,,0.8439046333783176,0.6660508869334837
,,0.8443544759334233,0.6670132763055417
,,0.844804318488529,0.6679756656775997
,,0.8452541610436347,0.6689380550496578
,,0.8457040035987404,0.6699004444217157
,,0.8461538461538461,0.6708628337937738
,,0.8466036887089519,0.6718252231658318
,,0.8470535312640576,0.6727876125378898
,,0.8475033738191633,0.6737500019099478
,,0.847953216374269,0.6747123912820058
,,0.8484030589293747,0.6756747806540638
,,0.8488529014844804,0.6766371700261218
,,0.8493027440395862,0.6775995593981798
,,0.8497525865946919,0.6785619487702378
,,0.8502024291497976,0.6795243381422958
,,0.8506522717049033,0.6804867275143538
,,0.851102114260009,0.6814491168864119
,,0.8515519568151148,0.6824115062584699
,,0.8520017993702205,0.6833738956305279
,,0.8524516419253262,0.6843362850025859
,,0.8529014844804319,0.6852986743746439
,,0.8533513270355375,0.6862610637467019
,,0.8538011695906432,0.6872234531187599
,,0.854251012145749,0.6881858424908179
,,0.8547008547008547,0.6891482318628759
,,0.8551506972559604,0.6901106212349339
,,0.8556005398110661,0.6910730106069919
,,0.8560503823661718,0.69203539997905
,,0.8565002249212775,0.6929977893511079
,,0.8569500674763832,0.693960178723166
,,0.857399910031489,0.694922568095224
,,0.8578497525865947,0.695884957467282
,,0.8582995951417004,0.69684734683934
,,0.8587494376968061,0.697809736211398
,,0.8591992802519118,0.698772125583456
,,0.8596491228070176,0.699734514955514
,,0.8600989653621233,0.700696904327572
,,0.860548807917229,0.70165929369963
,,0.8609986504723347,0.702621683071688
,,0.8614484930274404,0.703584072443746
,,0.8618983355825461,0.704546461815804
,,0.8623481781376519,0.7055088511878621
,,0.8627980206927576,0.70647124055992
,,0.8632478632478633,0.7074336299319781
,,0.863697705802969,0.7083960193040361
,,0.8641475483580747,0.7093584086760941
,,0.8645973909131804,0.7103207980481521
,,0.865047233468286,0.7112831874202101
,,0.8654970760233918,0.7122455767922681
,,0.8659469185784975,0.7132079661643261
,,0.8663967611336032,0.7141703555363841
,,0.8668466036887089,0.7151327449084421
,,0.8672964462438146,0.7160951342805002
,,0.8677462887989204,0.7170575236525581
,,0.8681961313540261,0.7180199130246162
,,0.8686459739091318,0.7189823023966742
,,0.8690958164642375,0.7199446917687322
,,0.8695456590193432,0.7209070811407902
,,0.8699955015744489,0.7218694705128482
,,0.8704453441295547,0.7228318598849062
,,0.8708951866846604,0.7237942492569642
,,0.8713450292397661,0.7247566386290222
,,0.8717948717948718,0.7257190280010802
,,0.8722447143499775,0.7266814173731383
,,0.8726945569050832,0.7276438067451962
,,0.873144399460189,0.7286061961172543
,,0.8735942420152947,0.7295685854893122
,,0.8740440845704004,0.7305309748613703
,,0.8744939271255061,0.7314933642334283
,,0.8749437696806118,0.7324557536054863
,,0.8753936122357175,0.7334181429775443
,,0.8758434547908233,0.7343805323496023
,,0.876293297345929,0.7353429217216603
,,0.8767431399010346,0.7363053110937183
,,0.8771929824561403,0.7372677004657764
,,0.877642825011246,0.7382300898378343
,,0.8780926675663517,0.7391924792098924
,,0.8785425101214575,0.7401548685819503
,,0.8789923526765632,0.7411172579540084
,,0.8794421952316689,0.7420796473260663
,,0.8798920377867746,0.7430420366981244
,,0.8803418803418803,0.7440044260701824
,,0.880791722896986,0.7449668154422404
,,0.8812415654520918,0.7459292048142984
,,0.8816914080071975,0.7468915941863564
,,0.8821412505623032,0.7478539835584144
,,0.8825910931174089,0.7488163729304724
,,0.8830409356725146,0.7497787623025305
,,0.8834907782276203,0.7507411516745884
,,0.8839406207827261,0.7517035410466465
,,0.8843904633378318,0.7526659304187044
,,0.8848403058929375,0.7536283197907625
,,0.8852901484480432,0.7545907091628204
,,0.8857399910031489,0.7555530985348785
,,0.8861898335582546,0.7565154879069365
,,0.8866396761133604,0.7574778772789945
,,0.8870895186684661,0.7584402666510525
,,0.8875393612235718,0.7594026560231105
,,0.8879892037786775,0.7603650453951686
,,0.8884390463337831,0.7613274347672265
,,0.8888888888888888,0.7622898241392846
,,0.8893387314439946,0.7632522135113425
,,0.8897885739991003,0.7642146028834006
,,0.890238416554206,0.7651769922554585
,,0.8906882591093117,0.7661393816275166
,,0.8911381016644174,0.7671017709995746
,,0.8915879442195231,0.7680641603716326
,,0.8920377867746289,0.7690265497436906
,,0.8924876293297346,0.7699889391157486
,,0.8929374718848403,0.7709513284878067
,,0.893387314439946,0.7719137178598646
,,0.8938371569950517,0.7728761072319227
,,0.8942869995501574,0.7738384966039806
,,0.8947368421052632,0.7748008859760387
,,0.8951866846603689,0.7757632753480966
,,0.8956365272154746,0.7767256647201547
,,0.8960863697705803,0.7776880540922126
,,0.896536212325686,0.7786504434642707
,,0.8969860548807917,0.7796128328363287
,,0.8974358974358975,0.7805752222083867
,,0.8978857399910032,0.7815376115804448
,,0.8983355825461089,0.7825000009525027
,,0.8987854251012146,0.7834623903245608
,,0.8992352676563203,0.7844247796966187
,,0.899685110211426,0.7853871690686768
,,0.9001349527665317,0.7863495584407347
,,0.9005847953216374,0.7873119478127928
,,0.9010346378767431,0.7882743371848507
,,0.9014844804318488,0.7892367265569088
,,0.9019343229869545,0.7901991159289667
,,0.9023841655420602,0.7911615053010248
,,0.902834008097166,0.7921238946730828
,,0.9032838506522717,0.7930862840451408
,,0.9037336932073774,0.7940486734171989
,,0.9041835357624831,0.7950110627892568
,,0.9046333783175888,0.7959734521613149
,,0.9050832208726945,0.7969358415333728
,,0.9055330634278003,0.7978982309054309
,,0.905982905982906,0.7988606202774888
,,0.9064327485380117,0.7998230096495469
,,0.9068825910931174,0.8007853990216048
,,0.9073324336482231,0.8017477883936629
,,0.9077822762033289,0.8027101777657208
,,0.9082321187584346,0.8036725671377789
,,0.9086819613135403,0.804634956509837
,,0.909131803868646,0.8055973458818949
,,0.9095816464237517,0.806559735253953
,,0.9100314889788574,0.8075221246260109
,,0.9104813315339632,0.808484513998069
,,0.9109311740890689,0.8094469033701269
,,0.9113810166441746,0.810409292742185
,,0.9118308591992802,0.8113716821142429
,,0.9122807017543859,0.812334071486301
,,0.9127305443094916,0.8132964608583589
,,0.9131803868645973,0.814258850230417
,,0.9136302294197031,0.8152212396024751
,,0.9140800719748088,0.816183628974533
,,0.9145299145299145,0.8171460183465911
,,0.9149797570850202,0.818108407718649
,,0.9154295996401259,0.8190707970907071
,,0.9158794421952317,0.820033186462765
,,0.9163292847503374,0.8209955758348231
,,0.9167791273054431,0.821957965206881
,,0.9172289698605488,0.8229203545789391
,,0.9176788124156545,0.823882743950997
,,0.9181286549707602,0.8248451333230551
,,0.918578497525866,0.8258075226951131
,,0.9190283400809717,0.8267699120671711
,,0.9194781826360774,0.8277323014392292
,,0.9199280251911831,0.8286946908112871
,,0.9203778677462888,0.8296570801833452
,,0.9208277103013945,0.8306194695554031
,,0.9212775528565003,0.8315818589274612
,,0.921727395411606,0.8325442482995191
,,0.9221772379667117,0.8335066376715772
,,0.9226270805218174,0.8344690270436351
,,0.9230769230769231,0.8354314164156932
,,0.9235267656320288,0.8363938057877512
,,0.9239766081871345,0.8373561951598092
,,0.9244264507422402,0.8383185845318673
,,0.9248762932973459,0.8392809739039252
,,0.9253261358524516,0.8402433632759833
,,0.9257759784075573,0.8412057526480412
,,0.926225820962663,0.8421681420200993
,,0.9266756635177688,0.8431305313921572
,,0.9271255060728745,0.8440929207642153
,,0.9275753486279802,0.8450553101362732
,,0.9280251911830859,0.8460176995083313
,,0.9284750337381916,0.8469800888803892
,,0.9289248762932973,0.8479424782524473
,,0.9293747188484031,0.8489048676245053
,,0.9298245614035088,0.8498672569965633
,,0.9302744039586145,0.8508296463686214
,,0.9307242465137202,0.8517920357406793
,,0.9311740890688259,0.8527544251127374
,,0.9316239316239316,0.8537168144847953
,,0.9320737741790374,0.8546792038568534
,,0.9325236167341431,0.8556415932289113
,,0.9329734592892488,0.8566039826009694
,,0.9334233018443545,0.8575663719730273
,,0.9338731443994602,0.8585287613450854
,,0.934322986954566,0.8594911507171434
,,0.9347728295096717,0.8604535400892014
,,0.9352226720647774,0.8614159294612594
,,0.935672514619883,0.8623783188333174
,,0.9361223571749887,0.8633407082053755
,,0.9365721997300944,0.8643030975774334
,,0.9370220422852001,0.8652654869494915
,,0.9374718848403059,0.8662278763215494
,,0.9379217273954116,0.8671902656936075
,,0.9383715699505173,0.8681526550656654
,,0.938821412505623,0.8691150444377235
,,0.9392712550607287,0.8700774338097815
,,0.9397210976158344,0.8710398231818395
,,0.9401709401709402,0.8720022125538975
,,0.9406207827260459,0.8729646019259555
,,0.9410706252811516,0.8739269912980135
,,0.9415204678362573,0.8748893806700715
,,0.941970310391363,0.8758517700421296
,,0.9424201529464687,0.8768141594141875
,,0.9428699955015745,0.8777765487862456
,,0.9433198380566802,0.8787389381583035
,,0.9437696806117859,0.8797013275303616
,,0.9442195231668916,0.8806637169024196
,,0.9446693657219973,0.8816261062744776
,,0.945119208277103,0.8825884956465356
,,0.9455690508322088,0.8835508850185936
,,0.9460188933873145,0.8845132743906516
,,0.9464687359424202,0.8854756637627096
,,0.9469185784975259,0.8864380531347676
,,0.9473684210526315,0.8874004425068256
,,0.9478182636077372,0.8883628318788837
,,0.948268106162843,0.8893252212509416
,,0.9487179487179487,0.8902876106229997
,,0.9491677912730544,0.8912499999950576
,,0.9496176338281601,0.8922123893671157
,,0.9500674763832658,0.8931747787391737
,,0.9505173189383715,0.8941371681112317
,,0.9509671614934773,0.8950995574832897
,,0.951417004048583,0.8960619468553477
,,0.9518668466036887,0.8970243362274057
,,0.9523166891587944,0.8979867255994637
,,0.9527665317139001,0.8989491149715217
,,0.9532163742690059,0.8999115043435797
,,0.9536662168241116,0.9008738937156378
,,0.9541160593792173,0.9018362830876957
,,0.954565901934323,0.9027986724597538
,,0.9550157444894287,0.9037610618318118
,,0.9554655870445344,0.9047234512038698
,,0.9559154295996402,0.9056858405759278
,,0.9563652721547459,0.9066482299479858
,,0.9568151147098516,0.9076106193200438
,,0.9572649572649573,0.9085730086921018
,,0.957714799820063,0.9095353980641598
,,0.9581646423751687,0.9104977874362178
,,0.9586144849302745,0.9114601768082758
,,0.9590643274853801,0.9124225661803338
,,0.9595141700404858,0.9133849555523919
,,0.9599640125955915,0.9143473449244499
,,0.9604138551506972,0.9153097342965079
,,0.9608636977058029,0.9162721236685659
,,0.9613135402609086,0.9172345130406239
,,0.9617633828160144,0.9181969024126819
,,0.9622132253711201,0.9191592917847399
,,0.9626630679262258,0.9201216811567979
,,0.9631129104813315,0.9210840705288559
,,0.9635627530364372,0.9220464599009139
,,0.964012595591543,0.9230088492729719
,,0.9644624381466487,0.92397123864503
,,0.9649122807017544,0.924933628017088
,,0.9653621232568601,0.925896017389146
,,0.9658119658119658,0.926858406761204
,,0.9662618083670715,0.927820796133262
,,0.9667116509221773,0.92878318550532
,,0.967161493477283,0.929745574877378
,,0.9676113360323887,0.930707964249436
,,0.9680611785874944,0.931670353621494
,,0.9685110211426001,0.932632742993552
,,0.9689608636977058,0.93359513236561
,,0.9694107062528116,0.934557521737668
,,0.9698605488079173,0.9355199111097261
,,0.970310391363023,0.936482300481784
,,0.9707602339181286,0.9374446898538421
,,0.9712100764732343,0.9384070792259
,,0.97165991902834,0.9393694685979581
,,0.9721097615834458,0.9403318579700161
,,0.9725596041385515,0.9412942473420741
,,0.9730094466936572,0.9422566367141321
,,0.9734592892487629,0.9432190260861901
,,0.9739091318038686,0.9441814154582481
,,0.9743589743589743,0.9451438048303061
,,0.9748088169140801,0.9461061942023641
,,0.9752586594691858,0.9470685835744221
,,0.9757085020242915,0.9480309729464802
,,0.9761583445793972,0.9489933623185381
,,0.9766081871345029,0.9499557516905962
,,0.9770580296896086,0.9509181410626542
,,0.9775078722447144,0.9518805304347122
,,0.9779577147998201,0.9528429198067702
,,0.9784075573549258,0.9538053091788282
,,0.9788573999100315,0.9547676985508862
,,0.9793072424651372,0.9557300879229442
,,0.979757085020243,0.9566924772950022
,,0.9802069275753487,0.9576548666670602
,,0.9806567701304544,0.9586172560391183
,,0.9811066126855601,0.9595796454111762
,,0.9815564552406658,0.9605420347832343
,,0.9820062977957715,0.9615044241552922
,,0.9824561403508771,0.9624668135273503
,,0.9829059829059829,0.9634292028994083
,,0.9833558254610886,0.9643915922714663
,,0.9838056680161943,0.9653539816435243
,,0.9842555105713,0.9663163710155823
,,0.9847053531264057,0.9672787603876403
,,0.9851551956815114,0.9682411497596983
,,0.9856050382366172,0.9692035391317564
,,0.9860548807917229,0.9701659285038143
,,0.9865047233468286,0.9711283178758724
,,0.9869545659019343,0.9720907072479303
,,0.98740440845704,0.9730530966199884
,,0.9878542510121457,0.9740154859920463
,,0.9883040935672515,0.9749778753641044
,,0.9887539361223572,0.9759402647361624
,,0.9892037786774629,0.9769026541082204
,,0.9896536212325686,0.9778650434802784
,,0.9901034637876743,0.9788274328523364
,,0.99055330634278,0.9797898222243945
,,0.9910031488978858,0.9807522115964524
,,0.9914529914529915,0.9817146009685105
,,0.9919028340080972,0.9826769903405684
,,0.9923526765632029,0.9836393797126265
,,0.9928025191183086,0.9846017690846844
,,0.9932523616734144,0.9855641584567424
,,0.9937022042285201,0.9865265478288003
,,0.9941520467836257,0.9874889372008584
,,0.9946018893387314,0.9884513265729163
,,0.9950517318938371,0.9894137159449744
,,0.9955015744489428,0.9903761053170325
,,0.9959514170040485,0.9913384946890904
,,0.9964012595591543,0.9923008840611485
,,0.99685110211426,0.9932632734332064
,,0.9973009446693657,0.9942256628052645
,,0.9977507872244714,0.9951880521773224
,,0.9982006297795771,0.9961504415493805
,,0.9986504723346828,0.9971128309214384
,,0.9991003148897886,0.9980752202934965
,,0.9995501574448943,0.9990376096655544
,,1.0,0.9999999990376125
